ID,Project Code,PQ #,PO / SO #,ASN/DN #,Country,Managed By,Fulfill Via,Vendor INCO Term,Shipment Mode,PQ First Sent to Client Date,PO Sent to Vendor Date,Scheduled Delivery Date,Delivered to Client Date,Delivery Recorded Date,Product Group,Sub Classification,Vendor,Item Description,Molecule/Test Type,Brand,Dosage,Dosage Form,Unit of Measure (Per Pack),Line Item Quantity,Line Item Value,Pack Price,Unit Price,Manufacturing Site,First Line Designation,Weight (Kilograms),Freight Cost (USD),Line Item Insurance (USD),Delivery Delay Days,On Time Delivery,Freight Cost per KG,Freight Cost Outlier,Cost per Unit
86277,151-NG-T30,FPQ-4537,SO-35031,DN-1683,Nigeria,PMO - US,From RDC,N/A - From RDC,Air Charter,2009-11-06,,2010-04-19,2010-03-31,2010-03-31,ARV,Adult,SCMS from RDC,"Lamivudine 150mg, tablets, 60 Tabs",Lamivudine,Generic,150mg,Tablet,60,64,156.16,2.44,0.04,"Aurobindo Unit III, India",Yes,4.0,124350.82,0.34,-19,Yes,31087.705,Potential Outlier,2.44
84931,151-NG-T30,FPQ-13293,SO-47300,DN-3720,Nigeria,PMO - US,From RDC,N/A - From RDC,Air Charter,2013-11-19,,2014-06-30,2014-05-09,2014-05-23,ARV,Pediatric,SCMS from RDC,"Efavirenz 200mg, scored tablets, 90 Tabs",Efavirenz,Generic,200mg,Tablet,90,10534,97966.2,9.3,0.1,"Strides, Bangalore, India.",Yes,2.0,45180.62,100.71,-52,Yes,22590.31,Potential Outlier,9.3
11079,151-NG-T30,Pre-PQ Process,SO-35330,DN-1615,Nigeria,PMO - US,From RDC,N/A - From RDC,Air,,,2010-02-19,2010-01-22,2010-01-22,ARV,Adult,SCMS from RDC,"Emtricitabine/Tenofovir Disoproxil Fumarate 200/300mg, tablets, 30 Tabs",Emtricitabine/Tenofovir Disoproxil Fumarate,Generic,200/300mg,Tablet - FDC,30,5,58.75,11.75,0.39,Mylan (formerly Matrix) Nashik,Yes,1.0,19480.97,0.13,-28,Yes,19480.97,Potential Outlier,11.75
10576,104-CI-T01,Pre-PQ Process,SO-781,DN-245,Côte d'Ivoire,PMO - US,From RDC,N/A - From RDC,Unknown,,,2007-07-31,2007-07-31,2007-07-31,HRDT,HIV test,SCMS from RDC,"HIV 1/2, Determine Complete HIV Kit, 100 Tests","HIV 1/2, Determine Complete HIV Kit",Determine,Unknown,Test kit,100,2,160.0,80.0,0.8,ABBVIE GmbH & Co.KG Wiesbaden,Yes,1.0,9789.07,0.26,0,Yes,9789.07,Potential Outlier,80.0
2502,102-KE-T01,Pre-PQ Process,SCMS-42970,ASN-4098,Kenya,PMO - US,Direct Drop,EXW,Air,,2009-04-04,2009-06-18,2009-06-18,2009-06-18,HRDT,HIV test,"Trinity Biotech, Plc","HIV 1/2, Uni-Gold HIV Kit, 20 Tests","HIV 1/2, Uni-Gold HIV Kit",Uni-Gold,Unknown,Test kit,20,5,160.0,32.0,1.6,"Trinity Biotech, Plc",Yes,2.0,12561.4,0.31,0,Yes,6280.7,Potential Outlier,32.0
86529,114-UG-T30,FPQ-10556,SO-43200,DN-2922,Uganda,PMO - US,From RDC,N/A - From RDC,Truck,2012-08-30,,2012-12-06,2012-11-20,2012-11-20,ARV,Adult,SCMS from RDC,"Zidovudine 300mg, tablets, 60 Tabs",Zidovudine,Generic,300mg,Tablet,60,25,169.0,6.76,0.11,Hetero Unit III Hyderabad IN,Yes,1.0,5220.79,0.24,-16,Yes,5220.79,Potential Outlier,6.76
61882,161-ZA-T30,FPQ-5303,SCMS-68950,ASN-7130,South Africa,PMO - US,Direct Drop,DDP,Air,2010-03-18,2010-03-19,2010-06-11,2010-06-11,2010-06-11,ARV,Adult,Aurobindo Pharma Limited,"Lamivudine 150mg, tablets, 60 Tabs",Lamivudine,Generic,150mg,Tablet,60,2,5.06,2.53,0.04,"Aurobindo Unit III, India",Yes,1.0,4116.81,0.01,0,Yes,4116.81,Potential Outlier,2.53
84724,107-RW-T30,FPQ-9911,SO-42090,DN-2670,Rwanda,PMO - US,From RDC,N/A - From RDC,Air,2012-05-11,,2012-06-08,2012-06-01,2012-06-01,ARV,Pediatric,SCMS from RDC,"Abacavir 20mg/ml, oral solution, Bottle, 240 ml",Abacavir,Generic,20mg/ml,Oral solution,240,1004,8534.0,8.5,0.04,"Cipla, Goa, India",Yes,1.0,3253.88,11.96,-7,Yes,3253.88,Potential Outlier,8.5
65120,105-GY-T30,FPQ-12235,SCMS-190770,ASN-20330,Guyana,PMO - US,Direct Drop,EXW,Air,2013-05-06,2013-06-04,2013-07-29,2013-07-29,2013-07-29,HRDT,HIV test,"Orgenics, Ltd","HIV 1/2, Determine Complete HIV Kit, 100 Tests","HIV 1/2, Determine Complete HIV Kit",Determine,Unknown,Test kit,100,655,65500.0,100.0,1.0,"Alere Medical Co., Ltd.",Yes,2.0,5110.28,81.02,0,Yes,2555.14,Potential Outlier,100.0
24063,109-TZ-T30,FPQ-11881,SCMS-182810,ASN-19486,Tanzania,PMO - US,Direct Drop,EXW,Air,2013-03-14,2013-04-11,2013-06-11,2013-06-11,2013-06-11,HRDT,HIV test,"Trinity Biotech, Plc","HIV 1/2, Uni-Gold HIV Kit, 20 Tests","HIV 1/2, Uni-Gold HIV Kit",Uni-Gold,Unknown,Test kit,20,311,9952.0,32.0,1.6,"Trinity Biotech, Plc",Yes,1.0,1979.1,12.31,0,Yes,1979.1,Potential Outlier,32.0
50739,161-ZA-T30,FPQ-5648,SCMS-75750,ASN-9483,South Africa,PMO - US,Direct Drop,DDP,Ocean,2010-06-02,2010-06-17,2011-02-01,2011-03-04,2011-03-04,ARV,Adult,Aurobindo Pharma Limited,"Efavirenz 600mg, tablets, 30 Tabs",Efavirenz,Generic,600mg,Tablet,30,120,541.2,4.51,0.15,"Aurobindo Unit III, India",Yes,10.0,19518.98,1.17,31,No,1951.898,Potential Outlier,4.510000000000001
65548,161-ZA-T30,FPQ-7175,SCMS-103510,ASN-12171,South Africa,PMO - US,Direct Drop,DDP,Ocean,2011-03-10,2011-03-24,2011-10-10,2011-10-25,2011-10-25,ARV,Adult,Aurobindo Pharma Limited,"Efavirenz 600mg, tablets, 30 Tabs",Efavirenz,Generic,600mg,Tablet,30,70,315.7,4.51,0.15,"Aurobindo Unit III, India",Yes,6.0,9951.38,0.52,15,No,1658.5633333333333,Potential Outlier,4.51
6488,123-NG-T01,Pre-PQ Process,SCMS-43910,ASN-4959,Nigeria,PMO - US,Direct Drop,EXW,Air,,2009-04-10,2009-10-27,2009-10-27,2009-10-27,ACT,ACT,MISSIONPHARMA A/S,"Artemether/Lumefantrine 20/120mg [Coartem], scored tablets, Blister 30 x 18 Tabs",Artemether/Lumefantrine,Coartem,20/120mg,Tablet - FDC + blister,540,2000,70420.0,35.21,0.07,"Novartis Pharma Suffern, USA",Yes,10.0,14515.44,138.02,0,Yes,1451.544,Potential Outlier,35.21
55520,117-ET-T30,FPQ-9096,SCMS-133390,ASN-13875,Ethiopia,PMO - US,Direct Drop,EXW,Air,2012-01-05,2012-01-23,2012-03-14,2012-03-14,2012-03-14,HRDT,HIV test,"SHANGHAI KEHUA BIOENGINEERING CO.,LTD.  (KHB)","HIV 1/2, SKB Colloidal Gold, Diagnostic Kit, Antibody, 50 Tests","HIV 1/2, Colloidal Gold, Diagnostic Kit, Antibody",Colloidal Gold,Unknown,Test kit,1,175,4287.5,24.5,24.5,"KHB Test Kit Facility, Shanghai China",Yes,1.0,1437.62,6.01,0,Yes,1437.62,Potential Outlier,24.5
85753,151-NG-T30,FPQ-6800,SO-39220,DN-2172,Nigeria,PMO - US,From RDC,N/A - From RDC,Air Charter,2010-12-07,,2011-06-21,2011-05-11,2011-05-11,ARV,Adult,SCMS from RDC,"Tenofovir Disoproxil Fumarate 300mg, tablets, 30 Tabs",Tenofovir Disoproxil Fumarate,Generic,300mg,Tablet,30,156,1024.92,6.57,0.22,Mylan (formerly Matrix) Nashik,Yes,9.0,12601.07,1.69,-41,Yes,1400.118888888889,Potential Outlier,6.57
82994,114-UG-T30,FPQ-8522,SO-40941,DN-2461,Uganda,PMO - US,From RDC,N/A - From RDC,Truck,2011-10-05,,2012-01-31,2012-01-19,2012-01-19,ARV,Adult,SCMS from RDC,"Lamivudine/Zidovudine 150/300mg, tablets, 60 Tabs",Lamivudine/Zidovudine,Generic,150/300mg,Tablet - FDC,60,4226,34906.76,8.26,0.14,"Aurobindo Unit III, India",Yes,8.0,10891.66,57.6,-12,Yes,1361.4575,Potential Outlier,8.26
51535,122-HT-T30,FPQ-8671,SCMS-131050,ASN-13551,Haiti,PMO - US,Direct Drop,EXW,Air,2011-11-09,2011-12-29,2012-02-14,2012-02-14,2012-02-14,MRDT,Malaria,"ACCESS BIO, INC.","Malaria, Antigen P.f., HRP2 CareStart Kit, 60 Tests","Malaria, Antigen P.f., HRP2 CareStart Kit",CareStart,Unknown,Test kit,60,2159,50520.6,23.4,0.39,"Access BIO, L.C.",Yes,5.0,5642.36,70.83,0,Yes,1128.472,Potential Outlier,23.4
86140,104-CI-T30,FPQ-13628,SO-47911,DN-3965,Côte d'Ivoire,PMO - US,From RDC,N/A - From RDC,Truck,2014-01-29,,2014-10-31,2014-10-17,2014-11-07,ARV,Adult,SCMS from RDC,"Lopinavir/Ritonavir 200/50mg, tablets, 120 Tabs",Lopinavir/Ritonavir,Generic,200/50mg,Tablet,120,21497,422631.02,19.66,0.16,Mylan (formerly Matrix) Nashik,Yes,21.0,22007.39,434.46,-14,Yes,1047.9709523809524,Potential Outlier,19.66
13020,122-HT-T30,FPQ-8671,SCMS-131040,ASN-13448,Haiti,PMO - US,Direct Drop,EXW,Air,2011-11-09,2011-12-29,2012-01-30,2012-01-30,2012-01-30,MRDT,Malaria,Premier Medical Corporation Ltd.,"Malaria Antigen P.f Kit, 30 x 1 Test","Malaria Antigen P.f Kit, 30 x 1 Test",Generic,Unknown,Test kit,30,3,49.5,16.5,0.55,Premier Medical Corporation,Yes,1.0,969.55,0.07,0,Yes,969.55,Potential Outlier,16.5
12543,114-UG-T01,Pre-PQ Process,SO-17911,DN-1094,Uganda,PMO - US,From RDC,N/A - From RDC,Air,,,2009-03-19,2009-03-19,2009-03-19,ARV,Adult,SCMS from RDC,"Efavirenz 600mg, tablets, 30 Tabs",Efavirenz,Generic,600mg,Tablet,30,9,99.0,11.0,0.37,"Aurobindo Unit III, India",Yes,1.0,966.37,0.19,0,Yes,966.37,Potential Outlier,11.0
9530,100-HT-T01,Pre-PQ Process,SCMS-15490,ASN-4374,Haiti,PMO - US,Direct Drop,EXW,Air,,2008-01-08,2009-07-06,2009-07-06,2009-07-06,HRDT,HIV test,"Trinity Biotech, Plc","HIV 1/2, Capillus HIV Kit, 100 Tests","HIV 1/2, Capillus HIV Kit",Capillus,Unknown,Test kit,100,3,417.0,139.0,1.39,"Trinity Biotech, Plc",Yes,2.0,1800.33,0.82,0,Yes,900.165,Potential Outlier,139.0
5551,100-HT-T01,Pre-PQ Process,SCMS-15480,ASN-1403,Haiti,PMO - US,Direct Drop,EXW,Air,,,2008-03-10,2008-03-10,2008-03-10,HRDT,HIV test,"Trinity Biotech, Plc","HIV 1/2, Capillus HIV Kit, 100 Tests","HIV 1/2, Capillus HIV Kit",Capillus,Unknown,Test kit,100,2,278.0,139.0,1.39,"Trinity Biotech, Plc",Yes,1.0,897.52,0.44,0,Yes,897.52,Potential Outlier,139.0
71388,161-ZA-T30,FPQ-6708,SCMS-93540,ASN-10572,South Africa,PMO - US,Direct Drop,DDP,Ocean,2010-11-26,2010-12-14,2011-05-31,2011-06-13,2011-06-13,ARV,Adult,Aurobindo Pharma Limited,"Tenofovir Disoproxil Fumarate 300mg, tablets, 30 Tabs",Tenofovir Disoproxil Fumarate,Generic,300mg,Tablet,30,100,665.0,6.65,0.22,"Aurobindo Unit III, India",Yes,11.0,8809.05,1.1,13,No,800.8227272727272,Potential Outlier,6.65
82850,110-ZM-T30,FPQ-4029,SO-34620,DN-1566,Zambia,PMO - US,From RDC,N/A - From RDC,Truck,2009-08-05,,2010-01-15,2009-11-26,2009-11-26,ARV,Adult,SCMS from RDC,"Lamivudine 150mg, tablets, 60 Tabs",Lamivudine,Generic,150mg,Tablet,60,21,51.24,2.44,0.04,"Aurobindo Unit III, India",Yes,1.0,792.62,0.1,-50,Yes,792.62,Potential Outlier,2.44
85078,112-NG-T30,FPQ-4040,SO-32982,DN-1571,Nigeria,PMO - US,From RDC,N/A - From RDC,Air Charter,2009-07-29,,2009-12-18,2009-12-18,2009-12-18,ARV,Adult,SCMS from RDC,"Efavirenz 600mg, tablets, 30 Tabs",Efavirenz,Generic,600mg,Tablet,30,168,971.04,5.78,0.19,"Aurobindo Unit III, India",Yes,15.0,11637.64,1.9,0,Yes,775.8426666666667,Potential Outlier,5.779999999999999
85998,151-NG-T30,FPQ-11771,SO-44759,DN-3321,Nigeria,PMO - US,From RDC,N/A - From RDC,Air Charter,2013-02-28,,2013-09-20,2013-09-12,2013-09-12,ARV,Adult,SCMS from RDC,"Abacavir/Lamivudine 600/300mg, scored tablets, 30 Tabs",Abacavir/Lamivudine,Generic,600/300mg,Tablet - FDC,30,284,3839.68,13.52,0.45,Mylan (formerly Matrix) Nashik,Yes,48.0,34218.36,4.75,-8,Yes,712.8825,Potential Outlier,13.52
85210,107-RW-T30,FPQ-8372,SO-40980,DN-2432,Rwanda,PMO - US,From RDC,N/A - From RDC,Truck,2011-10-19,,2011-12-08,2011-11-25,2011-11-25,ARV,Adult,SCMS from RDC,"Didanosine 400mg, delayed-release capsules, 30 Caps",Didanosine,Generic,400mg,Delayed-release capsules,30,263,5260.0,20.0,0.67,"Aurobindo Unit III, India",Yes,21.0,14622.43,8.68,-13,Yes,696.3061904761905,Potential Outlier,20.0
84638,104-CI-T30,FPQ-6144,SO-38980,DN-2159,Côte d'Ivoire,PMO - US,From RDC,N/A - From RDC,Air,2010-08-03,,2011-03-31,2011-06-07,2011-06-07,ARV,Pediatric,SCMS from RDC,"Efavirenz 200mg, capsule, 90 Caps",Efavirenz,Generic,200mg,Capsule,90,20,194.2,9.71,0.11,"Aurobindo Unit III, India",Yes,5.0,3380.36,0.42,68,No,676.072,Potential Outlier,9.71
63296,144-BW-T30,FPQ-4487,SCMS-57521,ASN-8573,Botswana,PMO - US,Direct Drop,EXW,Air,2009-11-02,2009-11-13,2011-02-07,2011-02-07,2011-02-07,HRDT,HIV test - Ancillary,"Trinity Biotech, Plc","#109436**HIV 1, Uni-Gold Recombigen HIV Control, Vial 2 x 0.5 ml","HIV 1, Uni-Gold Recombigen HIV Control, Vial 2 x 0.5 ml",Uni-Gold,Unknown,Test kit - Ancillary,2,15,465.0,31.0,15.5,"Trinity Biotech, Plc",Yes,1.0,650.97,1.0,0,Yes,650.97,Potential Outlier,31.0
55053,105-GY-T30,FPQ-12057,SCMS-189040,ASN-19842,Guyana,PMO - US,Direct Drop,EXW,Air,2013-04-15,2013-05-23,2013-07-01,2013-07-01,2013-07-01,ARV,Adult,Aurobindo Pharma Limited,"Stavudine 15mg, capsules, 60 Caps",Stavudine,Generic,15mg,Capsule,60,10,13.0,1.3,0.02,"Aurobindo Unit III, India",Yes,1.0,618.89,0.02,0,Yes,618.89,Potential Outlier,1.3
83717,105-GY-T30,FPQ-12047,SO-45040,DN-3332,Guyana,PMO - US,From RDC,N/A - From RDC,Air,2013-04-15,,2013-09-30,2013-10-04,2013-10-22,ARV,Pediatric,SCMS from RDC,"Efavirenz 200mg, scored tablets, 90 Tabs",Efavirenz,Generic,200mg,Tablet,90,98,911.4,9.3,0.1,"Strides, Bangalore, India.",Yes,7.0,4317.96,1.13,4,No,616.8514285714285,Potential Outlier,9.3
8470,125-HT-T01,Pre-PQ Process,SCMS-23580,ASN-1821,Haiti,PMO - US,Direct Drop,EXW,Air,,2008-05-13,2008-06-06,2008-06-06,2008-06-06,HRDT,HIV test,"Trinity Biotech, Plc","HIV 1/2, Capillus HIV Kit, 100 Tests","HIV 1/2, Capillus HIV Kit",Capillus,Unknown,Test kit,100,4,556.0,139.0,1.39,"Trinity Biotech, Plc",Yes,3.0,1808.19,0.89,0,Yes,602.73,Potential Outlier,139.0
47236,102-SD-T30,FPQ-7103,SCMS-100520,ASN-10315,Sudan,PMO - US,Direct Drop,FCA,Air,2011-02-05,2011-03-02,2011-04-29,2011-04-29,2011-04-29,HRDT,HIV test - Ancillary,"Orgenics, Ltd","Capillary Tubes, for Determine, EDTA, 50uL,100 Pcs","HIV, Capillary Tubes, for Determine, EDTA, 50uL,100 Pcs",Determine,Unknown,Test kit - Ancillary,100,25,200.0,8.0,0.08,Inverness Japan,Yes,2.0,1201.72,0.33,0,Yes,600.86,Potential Outlier,8.0
23718,144-BW-T30,FPQ-4487,SCMS-57522,ASN-6033,Botswana,PMO - US,Direct Drop,EXW,Air,2009-11-02,2009-11-13,2010-03-04,2010-03-04,2010-03-04,HRDT,HIV test - Ancillary,"Trinity Biotech, Plc","#109436**HIV 1, Uni-Gold Recombigen HIV Control, Vial 2 x 0.5 ml","HIV 1, Uni-Gold Recombigen HIV Control, Vial 2 x 0.5 ml",Uni-Gold,Unknown,Test kit - Ancillary,2,15,465.0,31.0,15.5,"Trinity Biotech, Plc",Yes,1.0,599.73,1.0,0,Yes,599.73,Potential Outlier,31.0
23283,161-ZA-T30,FPQ-5303,SCMS-68980,ASN-8251,South Africa,PMO - US,Direct Drop,DDP,Air,2010-03-18,2010-03-19,2010-08-24,2010-11-19,2010-11-19,ARV,Adult,Aurobindo Pharma Limited,"Lamivudine 150mg, tablets, 60 Tabs",Lamivudine,Generic,150mg,Tablet,60,2004,5070.12,2.53,0.04,"Aurobindo Unit III, India",Yes,3.0,1791.41,10.93,87,No,597.1366666666667,Potential Outlier,2.53
27675,102-SD-T30,FPQ-7321,SCMS-107770,ASN-10900,Sudan,PMO - US,Direct Drop,EXW,Air,2011-03-29,2011-05-02,2011-06-24,2011-06-24,2011-06-24,HRDT,HIV test - Ancillary,"Standard Diagnostics, Inc.","HIV 1/2, Bioline 3.0 Diluent, 25 Tests, Bottle x 5 ml","HIV 1/2, Bioline 3.0 Diluent, 25 Tests",Bioline,Unknown,Test kit - Ancillary,1,13,11.7,0.9,0.9,"Standard Diagnostics, Korea",Yes,2.0,1193.15,0.02,0,Yes,596.575,Potential Outlier,0.8999999999999999
32729,108-VN-T30,FPQ-12539,SCMS-199700,ASN-23138,Vietnam,PMO - US,Direct Drop,FCA,Air,2013-07-11,2013-07-30,2014-01-06,2014-01-06,2014-01-06,ARV,Adult,ABBVIE LOGISTICS (FORMERLY ABBOTT LOGISTICS BV),"Ritonavir 100mg [Norvir], film coated tablets, 30 Tabs",Ritonavir,Norvir,100mg,Tablet,30,81,1884.06,23.26,0.78,ABBVIE Ludwigshafen Germany,Yes,6.0,3549.7,2.33,0,Yes,591.6166666666667,Potential Outlier,23.26
796,102-BW-T01,Pre-PQ Process,SCMS-31370,ASN-2796,Botswana,PMO - US,Direct Drop,EXW,Air,,2008-10-02,2008-11-28,2008-11-28,2008-11-28,HRDT,HIV test - Ancillary,"Trinity Biotech, Plc","#109436**HIV 1, Uni-Gold Recombigen HIV Control, Vial 2 x 0.5 ml","HIV 1, Uni-Gold Recombigen HIV Control, Vial 2 x 0.5 ml",Uni-Gold,Unknown,Test kit - Ancillary,2,15,450.0,30.0,15.0,"Trinity Biotech, Plc",Yes,1.0,578.01,0.88,0,Yes,578.01,Potential Outlier,30.0
85105,151-NG-T30,FPQ-4537,SO-34915,DN-1781,Nigeria,PMO - US,From RDC,N/A - From RDC,Air Charter,2009-11-06,,2010-05-31,2010-05-18,2010-05-18,ARV,Adult,SCMS from RDC,"Efavirenz 600mg, tablets, 30 Tabs",Efavirenz,Generic,600mg,Tablet,30,188,893.0,4.75,0.16,"Aurobindo Unit III, India",Yes,17.0,9736.1,1.93,-13,Yes,572.7117647058824,Potential Outlier,4.75
85758,110-ZM-T30,FPQ-6482,SO-39130,DN-2194,Zambia,PMO - US,From RDC,N/A - From RDC,Truck,2010-10-15,,2011-04-30,2011-05-20,2011-05-20,ARV,Adult,SCMS from RDC,"Nevirapine 200mg, tablets, 60 Tabs",Nevirapine,Generic,200mg,Tablet,60,84,210.84,2.51,0.04,Hetero Unit III Hyderabad IN,Yes,6.0,3402.23,0.45,20,No,567.0383333333333,Potential Outlier,2.51
6884,106-HT-T01,Pre-PQ Process,SCMS-15590,ASN-1328,Haiti,PMO - US,Direct Drop,EXW,Air,,2008-02-04,2008-02-18,2008-02-18,2008-02-18,HRDT,HIV test,"Trinity Biotech, Plc","HIV 1/2, Capillus HIV Kit, 100 Tests","HIV 1/2, Capillus HIV Kit",Capillus,Unknown,Test kit,100,8,1112.0,139.0,1.39,"Trinity Biotech, Plc",Yes,6.0,3238.79,1.78,0,Yes,539.7983333333333,Potential Outlier,139.0
19335,102-SD-T30,FPQ-8264,SCMS-121850,ASN-13536,Sudan,PMO - US,Direct Drop,EXW,Air,2011-09-07,2011-09-14,2012-02-20,2012-02-20,2012-02-20,HRDT,HIV test - Ancillary,"Orgenics, Ltd","Capillary Tubes, for Determine, EDTA, 50uL,100 Pcs","HIV, Capillary Tubes, for Determine, EDTA, 50uL,100 Pcs",Determine,Unknown,Test kit - Ancillary,100,3,24.0,8.0,0.08,"Alere Medical Co., Ltd.",Yes,2.0,1076.15,0.04,0,Yes,538.075,Potential Outlier,8.0
64367,102-SD-T30,FPQ-8264,SCMS-121851,ASN-13537,Sudan,PMO - US,Direct Drop,EXW,Air,2011-09-07,2011-09-14,2012-02-20,2012-02-20,2012-02-20,HRDT,HIV test - Ancillary,"Orgenics, Ltd","Capillary Tubes, for Determine, EDTA, 50uL,100 Pcs","HIV, Capillary Tubes, for Determine, EDTA, 50uL,100 Pcs",Determine,Unknown,Test kit - Ancillary,100,4,32.0,8.0,0.08,"Alere Medical Co., Ltd.",Yes,2.0,1076.15,0.05,0,Yes,538.075,Potential Outlier,8.0
84142,101-CD-T30,FPQ-8840,SO-41383,DN-2524,"Congo, DRC",PMO - US,From RDC,N/A - From RDC,Air,2011-11-21,,2012-03-22,2012-03-22,2012-03-22,ARV,Adult,SCMS from RDC,"Lamivudine 150mg, tablets, 60 Tabs",Lamivudine,Generic,150mg,Tablet,60,23,53.59,2.33,0.04,Hetero Unit III Hyderabad IN,Yes,1.0,522.42,0.08,0,Yes,522.42,Potential Outlier,2.33
84706,101-CD-T30,FPQ-8840,SO-41385,DN-2526,"Congo, DRC",PMO - US,From RDC,N/A - From RDC,Air,2011-11-21,,2012-03-22,2012-03-22,2012-03-22,ARV,Adult,SCMS from RDC,"Lamivudine 150mg, tablets, 60 Tabs",Lamivudine,Generic,150mg,Tablet,60,23,53.59,2.33,0.04,Hetero Unit III Hyderabad IN,Yes,1.0,522.42,0.08,0,Yes,522.42,Potential Outlier,2.33
77651,108-VN-T30,FPQ-4098,SCMS-51750,ASN-5059,Vietnam,PMO - US,Direct Drop,EXW,Air,2009-08-12,2009-08-14,2009-10-27,2009-10-27,2009-10-27,ARV,Adult,CIPLA LIMITED,"Lamivudine/Nevirapine/Stavudine 150/200/30mg, tablets, 60 Tabs",Lamivudine/Nevirapine/Stavudine,Generic,150/200/30mg,Tablet - FDC,60,23040,146995.2,6.38,0.11,"Cipla, Goa, India",Yes,9.0,4620.03,288.11,0,Yes,513.3366666666666,Potential Outlier,6.380000000000001
83996,151-NG-T30,FPQ-4537,SO-34918,DN-1783,Nigeria,PMO - US,From RDC,N/A - From RDC,Air Charter,2009-11-06,,2010-05-31,2010-05-18,2010-05-18,ARV,Adult,SCMS from RDC,"Efavirenz 600mg, tablets, 30 Tabs",Efavirenz,Generic,600mg,Tablet,30,210,997.5,4.75,0.16,"Aurobindo Unit III, India",Yes,19.0,9736.1,2.15,-13,Yes,512.4263157894737,Potential Outlier,4.75
85720,151-NG-T30,FPQ-5023,SO-37210,DN-2046,Nigeria,PMO - US,From RDC,N/A - From RDC,Air Charter,2010-02-10,,2010-11-16,2010-11-10,2010-11-10,ARV,Adult,SCMS from RDC,"Nevirapine 200mg, tablets, 60 Tabs",Nevirapine,Generic,200mg,Tablet,60,350,903.0,2.58,0.04,"Aurobindo Unit III, India",Yes,40.0,20264.93,1.95,-6,Yes,506.62325,Potential Outlier,2.58
82447,101-CD-T30,FPQ-8840,SO-41382,DN-2530,"Congo, DRC",PMO - US,From RDC,N/A - From RDC,Air,2011-11-21,,2012-03-22,2012-03-22,2012-03-22,ARV,Adult,SCMS from RDC,"Lamivudine 150mg, tablets, 60 Tabs",Lamivudine,Generic,150mg,Tablet,60,20,46.6,2.33,0.04,Hetero Unit III Hyderabad IN,Yes,1.0,491.43,0.07,0,Yes,491.43,Potential Outlier,2.33
39769,102-SD-T30,FPQ-8264,SCMS-121852,ASN-13538,Sudan,PMO - US,Direct Drop,EXW,Air,2011-09-07,2011-09-14,2012-02-20,2012-02-20,2012-02-20,HRDT,HIV test - Ancillary,"Orgenics, Ltd","Capillary Tubes, for Determine, EDTA, 50uL,100 Pcs","HIV, Capillary Tubes, for Determine, EDTA, 50uL,100 Pcs",Determine,Unknown,Test kit - Ancillary,100,2,16.0,8.0,0.08,"Alere Medical Co., Ltd.",Yes,2.0,980.7,0.03,0,Yes,490.35,Potential Outlier,8.0
60994,102-SD-T30,FPQ-8264,SCMS-121853,ASN-13539,Sudan,PMO - US,Direct Drop,EXW,Air,2011-09-07,2011-09-14,2012-02-20,2012-02-20,2012-02-20,HRDT,HIV test - Ancillary,"Orgenics, Ltd","Capillary Tubes, for Determine, EDTA, 50uL,100 Pcs","HIV, Capillary Tubes, for Determine, EDTA, 50uL,100 Pcs",Determine,Unknown,Test kit - Ancillary,100,1,8.0,8.0,0.08,"Alere Medical Co., Ltd.",Yes,2.0,980.7,0.01,0,Yes,490.35,Potential Outlier,8.0
49085,102-SD-T30,FPQ-8264,SCMS-121840,ASN-12828,Sudan,PMO - US,Direct Drop,EXW,Air,2011-09-07,2011-09-14,2012-01-06,2012-01-06,2012-01-06,HRDT,HIV test - Ancillary,"Orgenics, Ltd","Capillary Tubes, for Determine, EDTA, 50uL,100 Pcs","HIV, Capillary Tubes, for Determine, EDTA, 50uL,100 Pcs",Determine,Unknown,Test kit - Ancillary,100,4,32.0,8.0,0.08,"Alere Medical Co., Ltd.",Yes,2.0,942.64,0.05,0,Yes,471.32,Potential Outlier,8.0
6691,108-VN-T01,Pre-PQ Process,SCMS-750,ASN-804,Vietnam,PMO - US,Direct Drop,EXW,Air,,2007-07-03,2007-10-24,2007-10-24,2007-10-24,ARV,Adult,SUN PHARMACEUTICAL INDUSTRIES LTD (RANBAXY LABORATORIES LIMITED),"Zidovudine 300mg, tablets, 60 Tabs",Zidovudine,Generic,300mg,Tablet,60,100,894.0,8.94,0.15,"Ranbaxy, Paonta Shahib, India",Yes,6.0,2794.34,1.43,0,Yes,465.72333333333336,Potential Outlier,8.94
39133,109-TZ-T30,FPQ-11919,SCMS-205480,ASN-22109,Tanzania,PMO - US,Direct Drop,EXW,Air,2013-03-25,2013-09-11,2013-12-02,2013-12-02,2013-12-02,HRDT,HIV test,"Orgenics, Ltd","HIV 1/2, Determine Complete HIV Kit, 100 Tests","HIV 1/2, Determine Complete HIV Kit",Determine,Unknown,Test kit,100,3,240.0,80.0,0.8,"Alere Medical Co., Ltd.",Yes,2.0,925.04,0.3,0,Yes,462.52,Potential Outlier,80.0
10744,112-NG-T01,Pre-PQ Process,SO-12790,DN-916,Nigeria,PMO - US,From RDC,N/A - From RDC,Air,,,2008-09-19,2008-09-19,2008-09-19,ARV,Adult,SCMS from RDC,"Emtricitabine/Tenofovir Disoproxil Fumarate 200/300mg [Truvada], tablets, 30 Tabs",Emtricitabine/Tenofovir Disoproxil Fumarate,Truvada,300/200mg,Tablet - FDC,30,4,105.0,26.25,0.88,"Aspen-OSD, Port Elizabeth, SA",Yes,1.0,462.5,0.17,0,Yes,462.5,Potential Outlier,26.25
11622,151-NG-T01,Pre-PQ Process,SO-21781,DN-1130,Nigeria,PMO - US,From RDC,N/A - From RDC,Air,,,2009-03-24,2009-03-24,2009-03-24,ARV,Adult,SCMS from RDC,"Emtricitabine/Tenofovir Disoproxil Fumarate 200/300mg [Truvada], tablets, 30 Tabs",Emtricitabine/Tenofovir Disoproxil Fumarate,Truvada,300/200mg,Tablet - FDC,30,143,3753.75,26.25,0.88,"Aspen-OSD, Port Elizabeth, SA",Yes,14.0,6443.61,7.36,0,Yes,460.2578571428571,Potential Outlier,26.25
23904,108-VN-T30,FPQ-4266,SCMS-56250,ASN-6253,Vietnam,PMO - US,Direct Drop,EXW,Air,2009-10-20,2009-11-02,2010-03-20,2010-03-20,2010-03-20,ARV,Adult,MYLAN LABORATORIES LTD (FORMERLY MATRIX LABORATORIES),"Zidovudine 300mg, tablets, 60 Tabs",Zidovudine,Generic,300mg,Tablet,60,168,1260.0,7.5,0.12,Mylan (formerly Matrix) Nashik,Yes,9.0,4138.11,2.47,0,Yes,459.79,Potential Outlier,7.5
84642,104-CI-T30,FPQ-6144,SO-38990,DN-2187,Côte d'Ivoire,PMO - US,From RDC,N/A - From RDC,Air,2010-08-03,,2011-03-23,2011-06-07,2011-06-07,ARV,Pediatric,SCMS from RDC,"Efavirenz 200mg, capsule, 90 Caps",Efavirenz,Generic,200mg,Capsule,90,20,194.2,9.71,0.11,"Aurobindo Unit III, India",Yes,3.0,1355.31,0.42,76,No,451.77,Potential Outlier,9.71
75751,108-VN-T30,FPQ-5899,SCMS-77260,ASN-8928,Vietnam,PMO - US,Direct Drop,EXW,Air,2010-06-23,2010-07-01,2010-12-07,2010-12-07,2010-12-07,ARV,Adult,Aurobindo Pharma Limited,"Zidovudine 300mg, tablets, 60 Tabs",Zidovudine,Generic,300mg,Tablet,60,336,2436.0,7.25,0.12,"Aurobindo Unit III, India",Yes,19.0,8495.83,5.25,0,Yes,447.148947368421,Potential Outlier,7.25
32316,102-SD-T30,FPQ-8264,SCMS-121842,ASN-12830,Sudan,PMO - US,Direct Drop,EXW,Air,2011-09-07,2011-09-14,2012-01-06,2012-01-06,2012-01-06,HRDT,HIV test - Ancillary,"Orgenics, Ltd","Capillary Tubes, for Determine, EDTA, 50uL,100 Pcs","HIV, Capillary Tubes, for Determine, EDTA, 50uL,100 Pcs",Determine,Unknown,Test kit - Ancillary,100,2,16.0,8.0,0.08,"Alere Medical Co., Ltd.",Yes,2.0,885.49,0.03,0,Yes,442.745,Potential Outlier,8.0
42851,102-SD-T30,FPQ-8264,SCMS-121843,ASN-12831,Sudan,PMO - US,Direct Drop,EXW,Air,2011-09-07,2011-09-14,2012-01-06,2012-01-06,2012-01-06,HRDT,HIV test - Ancillary,"Orgenics, Ltd","Capillary Tubes, for Determine, EDTA, 50uL,100 Pcs","HIV, Capillary Tubes, for Determine, EDTA, 50uL,100 Pcs",Determine,Unknown,Test kit - Ancillary,100,1,8.0,8.0,0.08,"Alere Medical Co., Ltd.",Yes,2.0,885.49,0.01,0,Yes,442.745,Potential Outlier,8.0
12916,151-NG-T01,Pre-PQ Process,SO-27823,DN-1442,Nigeria,PMO - US,From RDC,N/A - From RDC,Air Charter,,,2009-10-20,2009-10-20,2009-10-20,ARV,Adult,SCMS from RDC,"Emtricitabine/Tenofovir Disoproxil Fumarate 200/300mg, tablets, 30 Tabs",Emtricitabine/Tenofovir Disoproxil Fumarate,Generic,200/300mg,Tablet - FDC,30,240,2820.0,11.75,0.39,Mylan (formerly Matrix) Nashik,Yes,22.0,9341.49,5.53,0,Yes,424.6131818181818,Potential Outlier,11.75
11685,151-NG-T01,Pre-PQ Process,SO-27825,DN-1444,Nigeria,PMO - US,From RDC,N/A - From RDC,Air Charter,,,2009-10-20,2009-10-20,2009-10-20,ARV,Adult,SCMS from RDC,"Emtricitabine/Tenofovir Disoproxil Fumarate 200/300mg, tablets, 30 Tabs",Emtricitabine/Tenofovir Disoproxil Fumarate,Generic,200/300mg,Tablet - FDC,30,243,2855.25,11.75,0.39,Mylan (formerly Matrix) Nashik,Yes,22.0,9341.49,5.6,0,Yes,424.6131818181818,Potential Outlier,11.75
85153,106-HT-T30,FPQ-6391,SO-37440,DN-2020,Haiti,PMO - US,From RDC,N/A - From RDC,Air,2010-09-10,,2010-10-08,2010-10-21,2010-10-21,ARV,Pediatric,SCMS from RDC,"Stavudine 1mg/ml, powder for oral solution, 200 ml",Stavudine,Generic,1mg/ml,Oral solution,200,600,810.0,1.35,0.01,"Aurobindo Unit III, India",Yes,69.0,29153.27,1.75,13,No,422.51115942028986,Potential Outlier,1.35
54536,151-NG-T30,FPQ-4574,SCMS-59990,ASN-6679,Nigeria,PMO - US,Direct Drop,FCA,Air,2009-11-19,2009-12-22,2010-05-21,2010-05-21,2010-05-21,ARV,Adult,Hoffmann-La Roche ltd Basel,"Saquinavir 200mg [Invirase], capsules, 270 Caps",Saquinavir,Invirase,200mg,Capsule,270,11,1062.3,96.57,0.36,Roche Basel,Yes,6.0,2502.05,2.29,0,Yes,417.0083333333334,Potential Outlier,96.57272727272726
4611,102-BW-T01,Pre-PQ Process,SCMS-27750,ASN-2397,Botswana,PMO - US,Direct Drop,EXW,Air,,2008-07-28,2008-11-18,2008-11-18,2008-11-18,HRDT,HIV test,"Trinity Biotech, Plc","HIV 1/2, Uni-Gold HIV Kit, 20 Tests","HIV 1/2, Uni-Gold HIV Kit",Uni-Gold,Unknown,Test kit,20,5,160.0,32.0,1.6,"Trinity Biotech, Plc",Yes,3.0,1225.17,0.26,0,Yes,408.39,Potential Outlier,32.0
70212,144-BW-T30,FPQ-4167,SCMS-54070,ASN-7749,Botswana,PMO - US,Direct Drop,EXW,Air,2009-09-09,2009-09-29,2010-09-06,2010-09-06,2010-09-06,HRDT,HIV test,"Orgenics, Ltd","HIV 1/2, Determine HIV Kit, without Lancets, 100 Tests","HIV 1/2, Determine HIV Kit, without Lancets",Determine,Unknown,Test kit,100,8,560.0,70.0,0.7,Inverness Japan,Yes,2.0,807.65,1.1,0,Yes,403.825,Potential Outlier,70.0
57661,102-SD-T30,FPQ-7320,SCMS-107750,ASN-11112,Sudan,PMO - US,Direct Drop,EXW,Air,2011-03-29,2011-05-02,2011-07-01,2011-07-01,2011-07-01,HRDT,HIV test - Ancillary,"Orgenics, Ltd","Capillary Tubes, for Determine, EDTA, 50uL,100 Pcs","HIV, Capillary Tubes, for Determine, EDTA, 50uL,100 Pcs",Determine,Unknown,Test kit - Ancillary,100,33,396.0,12.0,0.12,Inverness Japan,Yes,3.0,1209.56,0.65,0,Yes,403.18666666666667,Potential Outlier,12.0
55297,108-VN-T30,FPQ-5899,SCMS-77280,ASN-8060,Vietnam,PMO - US,Direct Drop,EXW,Air,2010-06-23,2010-06-30,2010-09-20,2010-09-20,2010-09-20,ARV,Adult,MYLAN LABORATORIES LTD (FORMERLY MATRIX LABORATORIES),"Abacavir 300mg, tablets, 60 Tabs",Abacavir,Generic,300mg,Tablet,60,100,1574.0,15.74,0.26,Mylan (formerly Matrix) Nashik,Yes,10.0,3896.68,3.39,0,Yes,389.668,Potential Outlier,15.74
86428,151-NG-T30,FPQ-7812,SO-40727,DN-2450,Nigeria,PMO - US,From RDC,N/A - From RDC,Air Charter,2011-06-06,,2011-12-20,2011-12-18,2011-12-18,ARV,Adult,SCMS from RDC,"Tenofovir Disoproxil Fumarate 300mg, tablets, 30 Tabs",Tenofovir Disoproxil Fumarate,Generic,300mg,Tablet,30,361,2317.62,6.42,0.21,Mylan (formerly Matrix) Nashik,Yes,40.0,15322.73,3.82,-2,Yes,383.06825,Potential Outlier,6.42
85277,151-NG-T30,FPQ-8952,SO-42641,DN-2732,Nigeria,PMO - US,From RDC,N/A - From RDC,Air Charter,2011-12-08,,2012-07-09,2012-07-09,2012-07-09,ARV,Adult,SCMS from RDC,"Lamivudine 150mg, tablets, 60 Tabs",Lamivudine,Generic,150mg,Tablet,60,732,1705.56,2.33,0.04,"Strides, Bangalore, India.",Yes,57.0,21347.13,2.39,0,Yes,374.511052631579,Potential Outlier,2.33
15012,116-ZA-T30,FPQ-7176,SCMS-104370,ASN-11046,South Africa,PMO - US,Direct Drop,DDP,Ocean,2011-03-10,2011-04-01,2011-08-15,2011-08-15,2011-08-15,ARV,Adult,Aurobindo Pharma Limited,"Zidovudine 300mg, tablets, 60 Tabs",Zidovudine,Generic,300mg,Tablet,60,2452,17899.6,7.3,0.12,"Aurobindo Unit III, India",Yes,127.0,47101.63,29.53,0,Yes,370.8789763779527,Potential Outlier,7.3
10639,125-HT-T01,Pre-PQ Process,SO-1290,DN-444,Haiti,PMO - US,From RDC,N/A - From RDC,Air,,,2007-12-31,2007-12-31,2007-12-31,HRDT,HIV test,SCMS from RDC,"HIV 1/2, Determine HIV Kit, without Lancets, 100 Tests","HIV 1/2, Determine HIV Kit, without Lancets",Determine,Unknown,Test kit,100,10,720.0,72.0,0.72,Inverness Japan,Yes,6.0,2219.44,1.15,0,Yes,369.9066666666667,Potential Outlier,72.0
84263,151-NG-T30,FPQ-11771,SO-44752,DN-3174,Nigeria,PMO - US,From RDC,N/A - From RDC,Air Charter,2013-02-28,,2013-08-21,2013-05-10,2013-05-10,ARV,Pediatric,SCMS from RDC,"Abacavir/Lamivudine 60/30mg, tablets, 60 Tabs",Abacavir/Lamivudine,Generic,60/30mg,Tablet - FDC,60,763,3509.8,4.6,0.08,"Aurobindo Unit III, India",Yes,56.0,20666.07,4.34,-103,Yes,369.0369642857143,Potential Outlier,4.6000000000000005
86236,154-NG-T30,FPQ-3815,SO-32271,DN-1312,Nigeria,PMO - US,From RDC,N/A - From RDC,Air,2009-05-26,,2009-07-30,2009-07-09,2009-07-09,ARV,Pediatric,SCMS from RDC,"Lamivudine/Nevirapine/Stavudine 30/50/6mg, dispersible tablets, 60 Tabs",Lamivudine/Nevirapine/Stavudine,Generic,30/50/6mg,Chewable/dispersible tablet - FDC,60,46,114.54,2.49,0.04,"Cipla, Goa, India",Yes,2.0,714.34,0.22,-21,Yes,357.17,Potential Outlier,2.49
11342,151-NG-T01,Pre-PQ Process,SO-27812,DN-1347,Nigeria,PMO - US,From RDC,N/A - From RDC,Air Charter,,,2009-08-04,2009-08-04,2009-08-04,ARV,Adult,SCMS from RDC,"Emtricitabine/Tenofovir Disoproxil Fumarate 200/300mg [Truvada], tablets, 30 Tabs",Emtricitabine/Tenofovir Disoproxil Fumarate,Truvada,300/200mg,Tablet - FDC,30,240,6300.0,26.25,0.88,"Aspen-OSD, Port Elizabeth, SA",Yes,21.0,7445.8,12.35,0,Yes,354.5619047619048,Potential Outlier,26.25
75595,122-HT-T30,FPQ-8671,SCMS-131030,ASN-13447,Haiti,PMO - US,Direct Drop,EXW,Air,2011-11-09,2011-12-29,2012-01-23,2012-01-23,2012-01-23,MRDT,Malaria,"Standard Diagnostics, Inc.","Malaria Antigen P.f , HRP2, Kit, 25 Tests","Malaria Antigen P.f , HRP2, Kit",Generic,Unknown,Test kit,25,4,45.0,11.25,0.45,"Standard Diagnostics, Korea",Yes,2.0,702.42,0.06,0,Yes,351.21,Potential Outlier,11.25
11647,153-NG-T01,Pre-PQ Process,SO-31170,DN-1261,Nigeria,PMO - US,From RDC,N/A - From RDC,Air Charter,,,2009-06-16,2009-06-16,2009-06-16,ARV,Adult,SCMS from RDC,"Nevirapine 200mg, tablets, 60 Tabs",Nevirapine,Generic,200mg,Tablet,60,24,72.0,3.0,0.05,"Aurobindo Unit III, India",Yes,21.0,7329.83,0.14,0,Yes,349.0395238095238,Potential Outlier,3.0
84080,200-ZW-T30,FPQ-6483,SO-39270,DN-2178,Zimbabwe,PMO - US,From RDC,N/A - From RDC,Truck,2010-10-13,,2011-04-04,2011-05-20,2011-05-20,ARV,Pediatric,SCMS from RDC,"Didanosine 125mg, delayed-release capsules, 30 Caps",Didanosine,Generic,125mg,Delayed-release capsules,30,105,892.5,8.5,0.28,"Aurobindo Unit III, India",Yes,10.0,3403.99,1.92,46,No,340.399,Potential Outlier,8.5
83370,154-NG-T30,FPQ-3815,SO-32274,DN-1364,Nigeria,PMO - US,From RDC,N/A - From RDC,Air,2009-05-26,,2009-08-31,2009-08-17,2009-08-17,ARV,Adult,SCMS from RDC,"Zidovudine 300mg, tablets, 60 Tabs",Zidovudine,Generic,300mg,Tablet,60,28,210.84,7.53,0.13,Hetero Unit III Hyderabad IN,Yes,2.0,675.47,0.41,-14,Yes,337.735,Potential Outlier,7.53
44045,114-UG-T30,FPQ-3891,SCMS-52580,ASN-5101,Uganda,PMO - US,Direct Drop,EXW,Air,2009-07-22,2009-09-14,2009-11-11,2009-11-11,2009-11-11,ARV,Pediatric,EMCURE PHARMACEUTICALS LTD,"Atazanavir 150mg, capsules, 60 Caps",Atazanavir,Generic,150mg,Capsule,60,46,1200.14,26.09,0.43,"Emcure Plot No.P-2, I.T-B.T. Park, Phase II, MIDC, Hinjwadi, Pune, India",Yes,3.0,986.79,2.35,0,Yes,328.93,Potential Outlier,26.090000000000003
11565,114-UG-T01,Pre-PQ Process,SO-17790,DN-1082,Uganda,PMO - US,From RDC,N/A - From RDC,Air,,,2009-03-03,2009-03-03,2009-03-03,ARV,Adult,SCMS from RDC,"Zidovudine 300mg, tablets, 60 Tabs",Zidovudine,Generic,300mg,Tablet,60,50,395.0,7.9,0.13,"Aurobindo Unit III, India",Yes,3.0,978.92,0.77,0,Yes,326.3066666666667,Potential Outlier,7.9
86295,151-NG-T30,FPQ-4537,SO-34917,DN-1782,Nigeria,PMO - US,From RDC,N/A - From RDC,Air Charter,2009-11-06,,2010-05-31,2010-05-18,2010-05-18,ARV,Adult,SCMS from RDC,"Efavirenz 600mg, tablets, 30 Tabs",Efavirenz,Generic,600mg,Tablet,30,336,1596.0,4.75,0.16,"Aurobindo Unit III, India",Yes,30.0,9736.1,3.44,-13,Yes,324.5366666666667,Potential Outlier,4.75
2173,141-NA-T01,Pre-PQ Process,SCMS-33850,ASN-3110,Namibia,PMO - US,Direct Drop,EXW,Air,,2008-11-20,2009-01-27,2009-01-27,2009-01-27,HRDT,HIV test,INVERNESS MEDICAL INNOVATIONS SOUTH AFRICA (PTY) LTD,"HIV 1/2, Clearview Complete Kit, 25 Tests","HIV 1/2, Clearview Complete Kit",Clearview,Unknown,Test kit,25,3,225.0,75.0,3.0,Inverness USA,Yes,3.0,963.34,0.44,0,Yes,321.11333333333334,Potential Outlier,75.0
67372,144-BW-T30,FPQ-4167,SCMS-54120,ASN-8574,Botswana,PMO - US,Direct Drop,EXW,Air,2009-09-09,2009-09-30,2010-11-22,2010-11-22,2010-11-22,HRDT,HIV test,"Trinity Biotech, Plc","HIV 1/2, Uni-Gold HIV Kit, 20 Tests","HIV 1/2, Uni-Gold HIV Kit",Uni-Gold,Unknown,Test kit,20,5,160.0,32.0,1.6,"Trinity Biotech, Plc",Yes,2.0,634.36,0.31,0,Yes,317.18,Potential Outlier,32.0
8892,108-VN-T01,Pre-PQ Process,SCMS-37200,ASN-3630,Vietnam,PMO - US,Direct Drop,EXW,Air,,2009-01-16,2009-04-09,2009-04-09,2009-04-09,ARV,Adult,MYLAN LABORATORIES LTD (FORMERLY MATRIX LABORATORIES),"Zidovudine 300mg, tablets, 60 Tabs",Zidovudine,Generic,300mg,Tablet,60,168,1260.0,7.5,0.12,Mylan (formerly Matrix) Nashik,Yes,9.0,2793.62,2.47,0,Yes,310.40222222222224,Potential Outlier,7.5
5935,108-VN-T01,Pre-PQ Process,SCMS-27290,ASN-2853,Vietnam,PMO - US,Direct Drop,FCA,Air,,2008-07-24,2008-12-02,2008-12-02,2008-12-02,ARV,Adult,ABBVIE LOGISTICS (FORMERLY ABBOTT LOGISTICS BV),"Lopinavir/Ritonavir 200/50mg [Aluvia], tablets, 120 Tabs",Lopinavir/Ritonavir,Aluvia,200/50mg,Tablet,120,6,493.2,82.2,0.68,ABBVIE Ludwigshafen Germany,Yes,9.0,2709.98,0.97,0,Yes,301.1088888888889,Potential Outlier,82.2
86262,106-HT-T30,FPQ-4384,SO-34710,DN-1635,Haiti,PMO - US,From RDC,N/A - From RDC,Air,2009-10-23,,2010-03-05,2010-03-03,2010-03-03,ARV,Pediatric,SCMS from RDC,"Didanosine 200mg, chewable/dispersible tablets, 60 Tabs",Didanosine,Generic,200mg,Chewable/dispersible tablet,60,192,2976.0,15.5,0.26,"Aurobindo Unit III, India",Yes,40.0,12016.69,6.42,-2,Yes,300.41725,Potential Outlier,15.5
69198,144-BW-T30,FPQ-4167,SCMS-54100,ASN-7209,Botswana,PMO - US,Direct Drop,EXW,Air,2009-09-09,2009-09-30,2010-09-13,2010-09-13,2010-09-13,HRDT,HIV test,"Trinity Biotech, Plc","HIV 1/2, Uni-Gold HIV Kit, 20 Tests","HIV 1/2, Uni-Gold HIV Kit",Uni-Gold,Unknown,Test kit,20,5,160.0,32.0,1.6,"Trinity Biotech, Plc",Yes,2.0,592.46,0.31,0,Yes,296.23,Potential Outlier,32.0
38827,102-GY-T30,FPQ-5497,SCMS-71640,ASN-6866,Guyana,PMO - US,Direct Drop,EXW,Air,2010-04-15,2010-04-26,2010-05-28,2010-05-28,2010-05-28,HRDT,HIV test,"CHEMBIO DIAGNOSTIC SYSTEMS, INC.","HIV 1/2, Stat-Pak HIV, Kit, 20 Tests","HIV 1/2, Stat-Pak HIV, Kit",Stat-Pak,Unknown,Test kit,20,5,135.0,27.0,1.35,Chembio Diagnostics Sys. Inc.,Yes,1.0,283.21,0.29,0,Yes,283.21,Potential Outlier,27.0
49301,102-BW-T30,FPQ-4904,SCMS-64791,ASN-6296,Botswana,PMO - US,Direct Drop,EXW,Air,2010-01-13,2010-02-05,2010-04-14,2010-04-14,2010-04-14,HRDT,HIV test,"Orgenics, Ltd","HIV 1/2, Determine Complete HIV Kit, 100 Tests","HIV 1/2, Determine Complete HIV Kit",Determine,Unknown,Test kit,100,5,360.0,72.0,0.72,Inverness Japan,Yes,3.0,787.28,0.78,0,Yes,262.4266666666667,Potential Outlier,72.0
43383,114-UG-T30,FPQ-5277,SCMS-68330,ASN-6670,Uganda,PMO - US,Direct Drop,EXW,Air,2010-03-12,2010-03-18,2010-04-28,2010-04-28,2010-04-28,ARV,Adult,Aurobindo Pharma Limited,"Didanosine 250mg, delayed-release capsules, 30 Caps",Didanosine,Generic,250mg,Delayed-release capsules,30,60,780.0,13.0,0.43,"Aurobindo Unit III, India",Yes,4.0,1045.04,1.68,0,Yes,261.26,Potential Outlier,13.0
84707,101-CD-T30,FPQ-8840,SO-41386,DN-2527,"Congo, DRC",PMO - US,From RDC,N/A - From RDC,Air,2011-11-21,,2012-03-22,2012-03-22,2012-03-22,ARV,Adult,SCMS from RDC,"Lamivudine 150mg, tablets, 60 Tabs",Lamivudine,Generic,150mg,Tablet,60,24,55.92,2.33,0.04,Hetero Unit III Hyderabad IN,Yes,2.0,522.42,0.08,0,Yes,261.21,Potential Outlier,2.33
11070,151-NG-T01,Pre-PQ Process,SO-27824,DN-1443,Nigeria,PMO - US,From RDC,N/A - From RDC,Air Charter,,,2009-10-20,2009-10-20,2009-10-20,ARV,Adult,SCMS from RDC,"Emtricitabine/Tenofovir Disoproxil Fumarate 200/300mg, tablets, 30 Tabs",Emtricitabine/Tenofovir Disoproxil Fumarate,Generic,200/300mg,Tablet - FDC,30,441,5181.75,11.75,0.39,Mylan (formerly Matrix) Nashik,Yes,36.0,9341.49,10.16,0,Yes,259.48583333333335,Potential Outlier,11.75
3956,108-VN-T01,Pre-PQ Process,SCMS-171,ASN-294,Vietnam,PMO - US,Direct Drop,FCA,Air,,2006-11-13,2007-03-27,2007-03-27,2007-03-27,ARV,Adult,Hoffmann-La Roche ltd Basel,"Nelfinavir (as mesilate) 250mg [Viracept], tablets, 270 Tabs",Nelfinavir (as mesilate),Viracept,250mg,Tablet,270,200,32688.0,163.44,0.61,Roche Madrid,Yes,54.0,13981.96,,0,Yes,258.9251851851852,Potential Outlier,163.44
84334,151-NG-T30,FPQ-11864,SO-44920,DN-3540,Nigeria,PMO - US,From RDC,N/A - From RDC,Air Charter,2013-03-14,,2014-02-28,2014-02-10,2014-02-19,ARV,Pediatric,SCMS from RDC,"Abacavir/Lamivudine 60/30mg, tablets, 60 Tabs",Abacavir/Lamivudine,Generic,60/30mg,Tablet - FDC,60,2085,8340.0,4.0,0.07,"Aurobindo Unit III, India",Yes,122.0,30936.1,10.32,-18,Yes,253.5745901639344,Potential Outlier,4.0
84558,151-NG-T30,FPQ-4537,SO-35059,DN-1719,Nigeria,PMO - US,From RDC,N/A - From RDC,Air Charter,2009-11-06,,2010-05-31,2010-05-18,2010-05-18,ARV,Adult,SCMS from RDC,"Lamivudine/Zidovudine 150/300mg, tablets, 60 Tabs",Lamivudine/Zidovudine,Generic,150/300mg,Tablet - FDC,60,488,4274.88,8.76,0.15,Mylan (formerly Matrix) Nashik,Yes,39.0,9736.1,9.22,-13,Yes,249.64358974358976,Potential Outlier,8.76
54035,106-HT-T30,FPQ-9621,SCMS-147150,ASN-16343,Haiti,PMO - US,Direct Drop,EXW,Air,2012-04-20,2012-08-03,2012-10-04,2012-10-04,2012-10-04,ARV,Adult,Aurobindo Pharma Limited,"Didanosine 400mg, delayed-release capsules, 30 Caps",Didanosine,Generic,400mg,Delayed-release capsules,30,48,960.0,20.0,0.67,"Aurobindo Unit III, India",Yes,4.0,970.79,1.35,0,Yes,242.6975,Potential Outlier,20.0
74268,119-NA-T30,FPQ-4398,SCMS-54920,ASN-6026,Namibia,PMO - US,Direct Drop,EXW,Air,2009-10-07,2009-10-13,2010-02-18,2010-02-18,2010-02-18,HRDT,HIV test,"Orgenics, Ltd","HIV 1/2, Determine HIV Kit, without Lancets, 100 Tests","HIV 1/2, Determine HIV Kit, without Lancets",Determine,Unknown,Test kit,100,200,14000.0,70.0,0.7,Inverness Japan,Yes,45.0,10486.42,30.18,0,Yes,233.0315555555556,Potential Outlier,70.0
85106,151-NG-T30,FPQ-4537,SO-35111,DN-1786,Nigeria,PMO - US,From RDC,N/A - From RDC,Air Charter,2009-11-06,,2010-05-31,2010-05-18,2010-05-18,ARV,Adult,SCMS from RDC,"Lamivudine/Zidovudine+Efavirenz 150/300mg+600mg, tablets, co-blister 60+30 Tabs",Lamivudine/Zidovudine+Efavirenz,Generic,150/300mg+600mg,Tablet - FDC + co-blister,90,250,6875.0,27.5,0.31,"Aurobindo Unit III, India",Yes,42.0,9736.1,14.82,-13,Yes,231.8119047619048,Potential Outlier,27.5
71012,144-BW-T30,FPQ-4167,SCMS-54010,ASN-5830,Botswana,PMO - US,Direct Drop,EXW,Air,2009-09-09,2009-09-29,2010-03-03,2010-03-03,2010-03-03,HRDT,HIV test,"Orgenics, Ltd","HIV 1/2, Determine HIV Kit, without Lancets, 100 Tests","HIV 1/2, Determine HIV Kit, without Lancets",Determine,Unknown,Test kit,100,8,560.0,70.0,0.7,Inverness Japan,Yes,3.0,690.02,1.1,0,Yes,230.00666666666663,Potential Outlier,70.0
12669,104-CI-T01,Pre-PQ Process,SO-410,DN-219,Côte d'Ivoire,PMO - US,From RDC,N/A - From RDC,Unknown,,,2007-07-10,2007-07-10,2007-07-10,HRDT,HIV test - Ancillary,SCMS from RDC,"HIV, Pepti-LAV 1|2 (HIV-1|2 Ab differenciation, Immuno-Blot)","HIV, Pepti-LAV 1|2 (HIV-1|2 Ab differenciation, Immuno-Blot)",Pepti-LAV,Unknown,Test kit - Ancillary,1,2,477.3,238.65,238.65,Bio-Rad Laboratories,Yes,6.0,1356.0,0.76,0,Yes,226.0,Potential Outlier,238.65
39208,107-RW-T30,FPQ-3859,SCMS-49100,ASN-6888,Rwanda,PMO - US,Direct Drop,CIP,Air,2009-06-30,2009-07-15,2010-05-29,2010-05-29,2010-05-29,ARV,Adult,EMCURE PHARMACEUTICALS LTD,"Efavirenz 600mg, tablets, 30 Tabs",Efavirenz,Generic,600mg,Tablet,30,31,185.69,5.99,0.2,"Emcure Plot No.P-2, I.T-B.T. Park, Phase II, MIDC, Hinjwadi, Pune, India",Yes,4.0,889.55,0.36,0,Yes,222.3875,Potential Outlier,5.99
12527,112-NG-T01,Pre-PQ Process,SO-11020,DN-1013,Nigeria,PMO - US,From RDC,N/A - From RDC,Air,,,2008-11-20,2008-11-20,2008-11-20,ARV,Pediatric,SCMS from RDC,"Stavudine 1mg/ml, powder for oral solution, 200 ml",Stavudine,Generic,1mg/ml,Oral solution,200,36,50.4,1.4,0.01,"Aurobindo Unit III, India",Yes,4.0,857.17,0.1,0,Yes,214.2925,Potential Outlier,1.4
10810,107-RW-T01,Pre-PQ Process,SO-290,DN-9,Rwanda,PMO - US,From RDC,N/A - From RDC,Air,,,2007-02-05,2007-02-05,2007-02-05,ARV,Adult,SCMS from RDC,"Nelfinavir (as mesilate) 250mg [Viracept], tablets, 270 Tabs",Nelfinavir (as mesilate),Viracept,250mg,Tablet,270,400,38920.0,97.3,0.36,Roche Madrid,Yes,108.0,23000.34,,0,Yes,212.9661111111111,Potential Outlier,97.3
25749,106-HT-T30,FPQ-6834,SCMS-96430,ASN-9759,Haiti,Haiti Field Office,Direct Drop,EXW,Air,2010-12-14,2011-01-12,2011-03-11,2011-03-11,2011-03-11,HRDT,HIV test,Orasure Technologies Inc.,"HIV 1/2, OraQuick Advance HIV Rapid Antibody Kit, 100 Tests","HIV 1/2, OraQuick Advance HIV Rapid Antibody Kit",OraQuick,Unknown,Test kit,100,127,44450.0,350.0,3.5,"Orasure Technologies, Inc",Yes,22.0,4625.81,73.34,0,Yes,210.26409090909087,Potential Outlier,350.0
85769,104-CI-T30,FPQ-6891,SO-39880,DN-2248,Côte d'Ivoire,PMO - US,From RDC,N/A - From RDC,Air,2010-12-21,,2011-06-30,2011-06-26,2011-06-26,ARV,Adult,SCMS from RDC,"Stavudine 15mg, capsules, 60 Caps",Stavudine,Generic,15mg,Capsule,60,207,273.24,1.32,0.02,"Aurobindo Unit III, India",Yes,12.0,2503.34,0.45,-4,Yes,208.61166666666668,Potential Outlier,1.32
23787,144-BW-T30,FPQ-4167,SCMS-54110,ASN-5951,Botswana,PMO - US,Direct Drop,EXW,Air,2009-09-09,2009-09-30,2010-03-03,2010-03-03,2010-03-03,HRDT,HIV test,"Trinity Biotech, Plc","HIV 1/2, Uni-Gold HIV Kit, 20 Tests","HIV 1/2, Uni-Gold HIV Kit",Uni-Gold,Unknown,Test kit,20,5,160.0,32.0,1.6,"Trinity Biotech, Plc",Yes,3.0,603.53,0.31,0,Yes,201.17666666666665,Potential Outlier,32.0
82924,151-NG-T30,FPQ-5688,SO-36922,DN-2043,Nigeria,PMO - US,From RDC,N/A - From RDC,Air Charter,2010-05-27,,2010-11-18,2010-11-10,2010-11-10,ARV,Adult,SCMS from RDC,"Efavirenz/Emtricitabine/Tenofovir Disoproxil Fumarate 600/200/300mg, tablets, 30 Tabs",Efavirenz/Emtricitabine/Tenofovir Disoproxil Fumarate,Generic,600/200/300mg,Tablet - FDC,30,1000,19920.0,19.92,0.66,Mylan (formerly Matrix) Nashik,Yes,101.0,20264.93,42.95,-8,Yes,200.6428712871287,Potential Outlier,19.92
86569,151-NG-T30,FPQ-11022,SO-43846,DN-3141,Nigeria,PMO - US,From RDC,N/A - From RDC,Air Charter,2012-11-15,,2013-05-21,2013-05-03,2013-05-03,ARV,Pediatric,SCMS from RDC,"Efavirenz 200mg, scored tablets, 90 Tabs",Efavirenz,Generic,200mg,Tablet,90,848,6190.4,7.3,0.08,"Strides, Bangalore, India.",Yes,73.0,14547.55,7.66,-18,Yes,199.28150684931504,Potential Outlier,7.3
3870,102-BW-T01,Pre-PQ Process,SCMS-46070,ASN-4144,Botswana,PMO - US,Direct Drop,EXW,Air,,2009-05-27,2009-06-12,2009-06-12,2009-06-12,HRDT,HIV test,Orasure Technologies Inc.,"HIV 1/2, OraQuick Advance HIV Rapid Antibody Kit, 100 Tests","HIV 1/2, OraQuick Advance HIV Rapid Antibody Kit",OraQuick,Unknown,Test kit,100,1,350.0,350.0,3.5,"Pacific Biotech, Thailand",Yes,3.0,597.43,0.69,0,Yes,199.1433333333333,Potential Outlier,350.0
83141,151-NG-T30,FPQ-11864,SO-45200,DN-3175,Nigeria,PMO - US,From RDC,N/A - From RDC,Air Charter,2013-03-14,,2013-09-04,2013-05-10,2013-05-10,ARV,Pediatric,SCMS from RDC,"Abacavir/Lamivudine 60/30mg, tablets, 60 Tabs",Abacavir/Lamivudine,Generic,60/30mg,Tablet - FDC,60,955,4393.0,4.6,0.08,"Aurobindo Unit III, India",Yes,104.0,20666.07,5.43,-117,Yes,198.71221153846156,Potential Outlier,4.6
56496,105-GY-T30,FPQ-11562,SCMS-180010,ASN-18895,Guyana,PMO - US,Direct Drop,EXW,Air,2013-02-07,2013-03-06,2013-04-18,2013-04-18,2013-04-18,ARV,Pediatric,MICRO LABS LIMITED,"Efavirenz 50mg, capsule, 30 Caps",Efavirenz,Generic,50mg,Capsule,30,65,130.0,2.0,0.07,"Micro labs, Verna, Goa, India",Yes,4.0,783.21,0.16,0,Yes,195.8025,Potential Outlier,2.0
57727,144-BW-T30,FPQ-4167,SCMS-54020,ASN-6952,Botswana,PMO - US,Direct Drop,EXW,Air,2009-09-09,2009-09-29,2010-06-15,2010-06-15,2010-06-15,HRDT,HIV test,"Orgenics, Ltd","HIV 1/2, Determine HIV Kit, without Lancets, 100 Tests","HIV 1/2, Determine HIV Kit, without Lancets",Determine,Unknown,Test kit,100,8,560.0,70.0,0.7,Inverness Japan,Yes,3.0,584.1,1.1,0,Yes,194.7,Potential Outlier,70.0
84551,151-NG-T30,FPQ-4537,SO-35112,DN-1787,Nigeria,PMO - US,From RDC,N/A - From RDC,Air Charter,2009-11-06,,2010-05-31,2010-05-18,2010-05-18,ARV,Adult,SCMS from RDC,"Lamivudine/Zidovudine+Efavirenz 150/300mg+600mg, tablets, co-blister 60+30 Tabs",Lamivudine/Zidovudine+Efavirenz,Generic,150/300mg+600mg,Tablet - FDC + co-blister,90,309,8497.5,27.5,0.31,"Aurobindo Unit III, India",Yes,51.0,9736.1,18.32,-13,Yes,190.90392156862745,Potential Outlier,27.5
3470,114-UG-T01,Pre-PQ Process,SCMS-32250,ASN-3001,Uganda,PMO - US,Direct Drop,CIP,Air,,2008-10-17,2008-12-09,2008-12-09,2008-12-09,ARV,Adult,BRISTOL-MYERS SQUIBB,"Didanosine EC 250mg [Videx EC], delayed-release capsules, Blister 3 x 10 Caps",Didanosine EC,Videx EC,250mg,Delayed-release capsules - blister,30,50,917.0,18.34,0.61,"BMS Meymac, France",Yes,2.0,378.0,1.8,0,Yes,189.0,Potential Outlier,18.34
82876,114-UG-T30,FPQ-5238,SO-36100,DN-1760,Uganda,PMO - US,From RDC,N/A - From RDC,Air,2010-03-02,,2010-05-26,2010-04-08,2010-04-08,ARV,Adult,SCMS from RDC,"Lamivudine/Stavudine 150/30mg, tablets, 60 Tabs",Lamivudine/Stavudine,Generic,150/30mg,Tablet - FDC,60,75,255.0,3.4,0.06,"Cipla, Goa, India",Yes,10.0,1865.86,0.55,-48,Yes,186.586,Potential Outlier,3.4
70978,114-UG-T30,FPQ-12289,SCMS-192020,ASN-20948,Uganda,PMO - US,Direct Drop,EXW,Air,2013-05-14,2013-06-07,2013-08-19,2013-08-19,2013-08-19,ARV,Pediatric,MICRO LABS LIMITED,"Efavirenz 50mg, capsule, 30 Caps",Efavirenz,Generic,50mg,Capsule,30,252,509.04,2.02,0.07,"Micro labs, Verna, Goa, India",Yes,9.0,1678.53,0.63,0,Yes,186.50333333333333,Potential Outlier,2.02
85293,105-GY-T30,FPQ-10252,SO-42790,DN-2810,Guyana,PMO - US,From RDC,N/A - From RDC,Air,2012-07-05,,2012-09-30,2012-08-29,2012-08-29,ARV,Adult,SCMS from RDC,"Stavudine 15mg, capsules, 60 Caps",Stavudine,Generic,15mg,Capsule,60,25,33.0,1.32,0.02,"Aurobindo Unit III, India",Yes,5.0,931.34,0.05,-32,Yes,186.268,Potential Outlier,1.32
11623,151-NG-T01,Pre-PQ Process,SO-21785,DN-1133,Nigeria,PMO - US,From RDC,N/A - From RDC,Air,,,2009-03-24,2009-03-24,2009-03-24,ARV,Adult,SCMS from RDC,"Emtricitabine/Tenofovir Disoproxil Fumarate 200/300mg [Truvada], tablets, 30 Tabs",Emtricitabine/Tenofovir Disoproxil Fumarate,Truvada,300/200mg,Tablet - FDC,30,326,8557.5,26.25,0.88,"Aspen-OSD, Port Elizabeth, SA",Yes,35.0,6443.61,16.77,0,Yes,184.10314285714284,Potential Outlier,26.25
86684,105-GY-T30,FPQ-13567,SO-47721,DN-3716,Guyana,PMO - US,From RDC,N/A - From RDC,Air,2014-01-16,,2014-05-30,2014-06-04,2014-07-18,ARV,Pediatric,SCMS from RDC,"Efavirenz 200mg, scored tablets, 90 Tabs",Efavirenz,Generic,200mg,Tablet,90,75,697.5,9.3,0.1,"Strides, Bangalore, India.",Yes,5.0,908.65,0.72,5,No,181.73,Potential Outlier,9.3
85004,151-NG-T30,FPQ-14156,SO-48907,DN-4054,Nigeria,PMO - US,From RDC,N/A - From RDC,Air Charter,2014-04-25,,2015-01-30,2014-12-29,2015-01-06,ARV,Adult,SCMS from RDC,"Lamivudine/Zidovudine 150/300mg, tablets, 60 Tabs",Lamivudine/Zidovudine,Generic,150/300mg,Tablet - FDC,60,33147,218770.2,6.6,0.11,Hetero Unit III Hyderabad IN,Yes,32.0,5798.14,224.9,-32,Yes,181.191875,Potential Outlier,6.6000000000000005
11052,114-UG-T01,Pre-PQ Process,SO-31140,DN-1262,Uganda,PMO - US,From RDC,N/A - From RDC,Air,,,2009-06-01,2009-06-01,2009-06-01,ARV,Adult,SCMS from RDC,"Zidovudine 300mg, tablets, 60 Tabs",Zidovudine,Generic,300mg,Tablet,60,105,809.55,7.71,0.13,"Aurobindo Unit III, India",Yes,6.0,1053.86,1.59,0,Yes,175.64333333333332,Potential Outlier,7.71
11670,106-HT-T01,Pre-PQ Process,SO-32740,DN-1371,Haiti,PMO - US,From RDC,N/A - From RDC,Air,,,2009-07-31,2009-07-31,2009-07-31,ARV,Pediatric,SCMS from RDC,"Stavudine 1mg/ml, powder for oral solution, 200 ml",Stavudine,Generic,1mg/ml,Oral solution,200,400,560.0,1.4,0.01,"Aurobindo Unit III, India",Yes,39.0,6811.39,1.1,0,Yes,174.65102564102563,Potential Outlier,1.4
45149,108-VN-T30,FPQ-6384,SCMS-87720,ASN-9249,Vietnam,PMO - US,Direct Drop,EXW,Air,2010-09-30,2010-10-14,2011-02-11,2011-02-11,2011-02-11,ARV,Adult,Aurobindo Pharma Limited,"Didanosine 250mg, delayed-release capsules, 30 Caps",Didanosine,Generic,250mg,Delayed-release capsules,30,300,3900.0,13.0,0.43,"Aurobindo Unit III, India",Yes,21.0,3657.69,8.41,0,Yes,174.1757142857143,Potential Outlier,13.0
82980,151-NG-T30,FPQ-7812,SO-39995,DN-2354,Nigeria,PMO - US,From RDC,N/A - From RDC,Air Charter,2011-06-06,,2011-11-03,2011-09-28,2011-09-28,ARV,Adult,SCMS from RDC,"Tenofovir Disoproxil Fumarate 300mg, tablets, 30 Tabs",Tenofovir Disoproxil Fumarate,Generic,300mg,Tablet,30,1639,10522.38,6.42,0.21,Mylan (formerly Matrix) Nashik,Yes,107.0,18495.9,17.36,-36,Yes,172.8588785046729,Potential Outlier,6.42
83532,151-NG-T30,FPQ-7812,SO-39993,DN-2352,Nigeria,PMO - US,From RDC,N/A - From RDC,Air Charter,2011-06-06,,2011-11-03,2011-09-28,2011-09-28,ARV,Adult,SCMS from RDC,"Stavudine 30mg, capsules, 60 Caps",Stavudine,Generic,30mg,Capsule,60,1000,1400.0,1.4,0.02,"Aurobindo Unit III, India",Yes,108.0,18495.9,2.31,-36,Yes,171.25833333333335,Potential Outlier,1.4
79193,106-HT-T30,FPQ-9621,SCMS-147120,ASN-15787,Haiti,PMO - US,Direct Drop,FCA,Air,2012-04-20,2012-06-12,2012-08-08,2012-08-08,2012-08-08,ARV,Pediatric,SYSMEX AMERICA INC,"Lopinavir/Ritonavir 100/25mg [Aluvia], tablets, 60 Tabs",Lopinavir/Ritonavir,Generic,100/25mg,Tablet,60,216,1596.24,7.39,0.12,ABBVIE Ludwigshafen Germany,Yes,24.0,4059.85,2.24,0,Yes,169.16041666666666,Potential Outlier,7.39
82945,151-NG-T30,FPQ-6800,SO-39240,DN-2174,Nigeria,PMO - US,From RDC,N/A - From RDC,Air Charter,2010-12-07,,2011-06-21,2011-05-11,2011-05-11,ARV,Adult,SCMS from RDC,"Tenofovir Disoproxil Fumarate 300mg, tablets, 30 Tabs",Tenofovir Disoproxil Fumarate,Generic,300mg,Tablet,30,844,5545.08,6.57,0.22,"Aurobindo Unit III, India",Yes,76.0,12601.07,9.15,-41,Yes,165.80355263157895,Potential Outlier,6.57
83785,105-GY-T30,FPQ-13071,SO-46802,DN-3635,Guyana,PMO - US,From RDC,N/A - From RDC,Air,2013-10-09,,2014-04-30,2014-04-22,2014-06-11,ARV,Adult,SCMS from RDC,"Zidovudine 300mg, tablets, 60 Tabs",Zidovudine,Generic,300mg,Tablet,60,62,341.0,5.5,0.09,"Aurobindo Unit III, India",Yes,4.0,660.44,0.35,-8,Yes,165.11,Potential Outlier,5.5
11282,112-NG-T01,Pre-PQ Process,SO-19430,DN-1063,Nigeria,PMO - US,From RDC,N/A - From RDC,Air,,,2009-02-09,2009-02-09,2009-02-09,ARV,Adult,SCMS from RDC,"Abacavir 300mg, tablets, 60 Tabs",Abacavir,Generic,300mg,Tablet,60,4,105.2,26.3,0.44,"Aurobindo Unit III, India",Yes,1.0,165.0,0.21,0,Yes,165.0,Potential Outlier,26.3
3294,114-UG-T01,Pre-PQ Process,SCMS-27190,ASN-2391,Uganda,PMO - US,Direct Drop,CIP,Air,,2008-07-18,2008-09-09,2008-09-09,2008-09-09,ARV,Adult,BRISTOL-MYERS SQUIBB,"Didanosine EC 400mg [Videx EC], delayed-release capsules, Blister 3 x 10 Caps",Didanosine EC,Videx EC,400mg,Delayed-release capsules - blister,30,50,1183.5,23.67,0.79,"BMS Meymac, France",Yes,2.0,330.0,1.89,0,Yes,165.0,Potential Outlier,23.67
30186,108-VN-T30,FPQ-5899,SCMS-77270,ASN-7730,Vietnam,PMO - US,Direct Drop,EXW,Air,2010-06-23,2010-06-30,2010-11-03,2010-11-03,2010-11-03,ARV,Adult,MYLAN LABORATORIES LTD (FORMERLY MATRIX LABORATORIES),"Abacavir 300mg, tablets, 60 Tabs",Abacavir,Generic,300mg,Tablet,60,200,3148.0,15.74,0.26,Mylan (formerly Matrix) Nashik,Yes,22.0,3587.81,6.79,0,Yes,163.08227272727274,Potential Outlier,15.74
36816,106-HT-T30,FPQ-9635,SCMS-148410,ASN-15840,Haiti,PMO - US,Direct Drop,EXW,Air,2012-05-14,2012-07-12,2012-08-16,2012-08-16,2012-08-16,ARV,Adult,Aurobindo Pharma Limited,"Stavudine 30mg, capsules, 60 Caps",Stavudine,Generic,30mg,Capsule,60,90,126.0,1.4,0.02,"Aurobindo Unit III, India",Yes,6.0,941.74,0.18,0,Yes,156.95666666666668,Potential Outlier,1.4
82367,117-ET-T30,FPQ-7001,SO-38450,DN-2104,Ethiopia,PMO - US,From RDC,N/A - From RDC,Air,2011-01-06,,2011-02-14,2011-01-28,2011-01-28,ARV,Adult,SCMS from RDC,"Tenofovir Disoproxil Fumarate 300mg, tablets, 30 Tabs",Tenofovir Disoproxil Fumarate,Generic,300mg,Tablet,30,1467,9638.19,6.57,0.22,Mylan (formerly Matrix) Nashik,Yes,9.0,1401.76,15.9,-17,Yes,155.7511111111111,Potential Outlier,6.57
85077,123-NG-T30,FPQ-4014,SO-32974,DN-1570,Nigeria,PMO - US,From RDC,N/A - From RDC,Air Charter,2009-07-27,,2009-12-18,2009-12-18,2009-12-18,ARV,Adult,SCMS from RDC,"Abacavir 300mg, tablets, 60 Tabs",Abacavir,Generic,300mg,Tablet,60,755,16172.1,21.42,0.36,Mylan (formerly Matrix) Nashik,Yes,75.0,11637.64,31.7,0,Yes,155.16853333333333,Potential Outlier,21.42
86663,109-TZ-T30,FPQ-12015,SO-44994,DN-3594,Tanzania,PMO - US,From RDC,N/A - From RDC,Truck,2013-04-02,,2014-04-30,2014-04-17,2014-04-28,ARV,Pediatric,SCMS from RDC,"Efavirenz 200mg, scored tablets, 90 Tabs",Efavirenz,Generic,200mg,Tablet,90,135,1255.5,9.3,0.1,"Strides, Bangalore, India.",Yes,8.0,1231.6,1.55,-13,Yes,153.95,Potential Outlier,9.3
47536,102-BW-T30,FPQ-6645,SCMS-92630,ASN-9552,Botswana,PMO - US,Direct Drop,EXW,Air,2010-11-11,2010-12-02,2011-03-02,2011-03-02,2011-03-02,HRDT,HIV test,"Orgenics, Ltd","HIV 1/2, Determine Complete HIV Kit, 100 Tests","HIV 1/2, Determine Complete HIV Kit",Determine,Unknown,Test kit,100,10,800.0,80.0,0.8,Inverness Japan,Yes,5.0,767.63,1.32,0,Yes,153.526,Potential Outlier,80.0
68096,108-VN-T30,FPQ-4266,SCMS-56290,ASN-6251,Vietnam,PMO - US,Direct Drop,EXW,Air,2009-10-20,2009-11-02,2010-03-22,2010-03-22,2010-03-22,ARV,Adult,MYLAN LABORATORIES LTD (FORMERLY MATRIX LABORATORIES),"Zidovudine 300mg, tablets, 60 Tabs",Zidovudine,Generic,300mg,Tablet,60,840,6300.0,7.5,0.12,Mylan (formerly Matrix) Nashik,Yes,57.0,8747.56,12.35,0,Yes,153.4659649122807,Potential Outlier,7.5
17701,102-ML-T30,FPQ-10104,SCMS-153770,ASN-15931,Mali,PMO - US,Direct Drop,EXW,Air,2012-07-05,2012-07-31,2012-09-11,2012-09-11,2012-09-11,HRDT,HIV test,Orasure Technologies Inc.,"HIV 1/2, OraQuick Advance HIV Rapid Antibody Kit, 100 Tests","HIV 1/2, OraQuick Advance HIV Rapid Antibody Kit",OraQuick,Unknown,Test kit,100,5,2000.0,400.0,4.0,"Pacific Biotech, Thailand",Yes,12.0,1840.97,2.8,0,Yes,153.41416666666666,Potential Outlier,400.0
30475,102-BW-T30,FPQ-5352,SCMS-75630,ASN-7750,Botswana,PMO - US,Direct Drop,EXW,Air,2010-03-30,2010-06-08,2010-09-06,2010-09-06,2010-09-06,HRDT,HIV test,"Orgenics, Ltd","HIV 1/2, Determine Complete HIV Kit, 100 Tests","HIV 1/2, Determine Complete HIV Kit",Determine,Unknown,Test kit,100,10,800.0,80.0,0.8,Inverness Japan,Yes,5.0,760.22,1.72,0,Yes,152.044,Potential Outlier,80.0
82971,200-ZW-T30,FPQ-6483,SO-38900,DN-2318,Zimbabwe,PMO - US,From RDC,N/A - From RDC,Truck,2010-10-13,,2011-09-30,2011-09-23,2011-09-23,ARV,Pediatric,SCMS from RDC,"Didanosine 200mg, delayed-release capsules, 30 Caps",Didanosine,Generic,200mg,Delayed-release capsules,30,51,561.0,11.0,0.37,"Aurobindo Unit III, India",Yes,6.0,909.15,1.21,-7,Yes,151.525,Potential Outlier,11.0
31861,108-VN-T30,FPQ-7898,SCMS-113640,ASN-12786,Vietnam,PMO - US,Direct Drop,EXW,Air,2011-06-27,2011-07-07,2011-11-23,2011-11-23,2011-11-23,ARV,Adult,MYLAN LABORATORIES LTD (FORMERLY MATRIX LABORATORIES),"Abacavir 300mg, tablets, 60 Tabs",Abacavir,Generic,300mg,Tablet,60,292,4231.08,14.49,0.24,Mylan (formerly Matrix) Nashik,Yes,30.0,4525.05,6.98,0,Yes,150.835,Potential Outlier,14.49
73089,105-GY-T30,FPQ-10249,SCMS-153870,ASN-17103,Guyana,PMO - US,Direct Drop,EXW,Air,2012-07-05,2012-07-26,2012-11-21,2012-11-21,2012-11-21,HRDT,HIV test,"CHEMBIO DIAGNOSTIC SYSTEMS, INC.","HIV 1/2, Stat-Pak HIV, Kit, 20 Tests","HIV 1/2, Stat-Pak HIV, Kit",Stat-Pak,Unknown,Test kit,20,6,174.0,29.0,1.45,Chembio Diagnostics Sys. Inc.,Yes,2.0,297.0,0.24,0,Yes,148.5,Potential Outlier,29.0
38504,102-SD-T30,FPQ-8261,SCMS-120473,ASN-13349,Sudan,PMO - US,Direct Drop,EXW,Air,2011-08-29,2011-09-07,2012-02-07,2012-02-07,2012-02-07,HRDT,HIV test,"Trinity Biotech, Plc","HIV 1/2, Uni-Gold HIV Kit, 20 Tests","HIV 1/2, Uni-Gold HIV Kit",Uni-Gold,Unknown,Test kit,20,10,320.0,32.0,1.6,"Trinity Biotech, Plc",Yes,4.0,593.8,0.53,0,Yes,148.45,Potential Outlier,32.0
30412,102-KE-T30,FPQ-9127,SCMS-134420,ASN-13663,Kenya,PMO - US,Direct Drop,EXW,Air,2012-01-13,2012-01-19,2012-03-13,2012-03-13,2012-03-13,HRDT,HIV test,Premier Medical Corporation Ltd.,"HIV 1/2/O, First Response HIV 1-2.0, v.3.0 Cards Kit, 30 Tests","HIV 1/2/O, First Response HIV 1-2.0, v.3.0 Cards Kit",First Response,Unknown,Test kit,30,50,1170.0,23.4,0.78,Premier Med. Corp Ltd. India,Yes,18.0,2644.79,1.64,0,Yes,146.93277777777777,Potential Outlier,23.4
7894,119-NA-T01,Pre-PQ Process,SCMS-47130,ASN-4416,Namibia,PMO - US,Direct Drop,EXW,Air,,2009-06-05,2009-07-27,2009-07-27,2009-07-27,HRDT,HIV test,"Orgenics, Ltd","HIV 1/2, Determine HIV Kit, without Lancets, 100 Tests","HIV 1/2, Determine HIV Kit, without Lancets",Determine,Unknown,Test kit,100,24,1680.0,70.0,0.7,Inverness Japan,Yes,6.0,868.31,3.29,0,Yes,144.71833333333333,Potential Outlier,70.0
85882,107-RW-T30,FPQ-10119,SO-42750,DN-2770,Rwanda,PMO - US,From RDC,N/A - From RDC,Air,2012-06-18,,2012-08-31,2012-08-16,2012-08-16,ARV,Adult,SCMS from RDC,"Zidovudine 300mg, tablets, 60 Tabs",Zidovudine,Generic,300mg,Tablet,60,90,608.4,6.76,0.11,Hetero Unit III Hyderabad IN,Yes,5.0,721.36,0.85,-15,Yes,144.272,Potential Outlier,6.76
82762,105-GY-T30,FPQ-15217,SO-50030,DN-4056,Guyana,PMO - US,From RDC,N/A - From RDC,Air,2014-10-22,,2015-01-30,2015-01-06,2015-01-29,ARV,Adult,SCMS from RDC,"Abacavir 300mg, tablets, 60 Tabs",Abacavir,Generic,300mg,Tablet,60,62,687.58,11.09,0.18,Mylan (formerly Matrix) Nashik,Yes,6.0,865.15,0.81,-24,Yes,144.19166666666666,Potential Outlier,11.09
23105,108-VN-T30,FPQ-6818,SCMS-98180,ASN-10619,Vietnam,PMO - US,Direct Drop,FCA,Air,2011-01-17,2011-02-09,2011-05-09,2011-05-09,2011-05-09,ARV,Adult,ABBVIE LOGISTICS (FORMERLY ABBOTT LOGISTICS BV),"Ritonavir 100mg [Norvir], capsules, cool, 4 x 84 Caps",Ritonavir,Norvir,100mg,Capsule,336,14,2891.14,206.51,0.61,ABBVIE (Abbott) Logis. UK,Yes,52.0,7339.84,4.77,0,Yes,141.15076923076924,Potential Outlier,206.51
44092,102-GY-T30,FPQ-6501,SCMS-89530,ASN-9004,Guyana,PMO - US,Direct Drop,EXW,Air,2010-10-08,2010-10-27,2011-01-12,2011-01-12,2011-01-12,HRDT,HIV test - Ancillary,"CHEMBIO DIAGNOSTIC SYSTEMS, INC.","HIV 1/2, Stat-Pak Buffer Only, 20 Tests","HIV 1/2, Stat-Pak Buffer Only",Stat-Pak,Unknown,Test kit - Ancillary,1,40,100.0,2.5,2.5,Chembio Diagnostics Sys. Inc.,Yes,2.0,281.61,0.16,0,Yes,140.805,Potential Outlier,2.5
3615,108-VN-T01,Pre-PQ Process,SCMS-37210,ASN-3631,Vietnam,PMO - US,Direct Drop,EXW,Air,,2009-01-16,2009-04-11,2009-04-11,2009-04-11,ARV,Adult,MYLAN LABORATORIES LTD (FORMERLY MATRIX LABORATORIES),"Zidovudine 300mg, tablets, 60 Tabs",Zidovudine,Generic,300mg,Tablet,60,336,2520.0,7.5,0.12,Mylan (formerly Matrix) Nashik,Yes,18.0,2525.73,4.94,0,Yes,140.31833333333333,Potential Outlier,7.5
68481,104-CI-T30,FPQ-11294,SCMS-173131,ASN-19634,Côte d'Ivoire,PMO - US,Direct Drop,EXW,Air,2012-12-14,2013-01-15,2013-06-04,2013-06-04,2013-06-04,HRDT,HIV test,"Orgenics, Ltd","HIV 1/2, Determine Complete HIV Kit, 100 Tests","HIV 1/2, Determine Complete HIV Kit",Determine,Unknown,Test kit,100,601,48080.0,80.0,0.8,"Alere Medical Co., Ltd.",Yes,264.0,36428.24,59.47,0,Yes,137.98575757575756,Potential Outlier,80.0
83371,154-NG-T30,FPQ-3815,SO-32272,DN-1360,Nigeria,PMO - US,From RDC,N/A - From RDC,Air Charter,2009-05-26,,2009-08-31,2009-08-04,2009-08-04,ARV,Adult,SCMS from RDC,"Efavirenz 600mg, tablets, 30 Tabs",Efavirenz,Generic,600mg,Tablet,30,277,1897.45,6.85,0.23,"Aurobindo Unit III, India",Yes,54.0,7445.8,3.72,-27,Yes,137.88518518518518,Potential Outlier,6.8500000000000005
37251,102-SD-T30,FPQ-6991,SCMS-100301,ASN-10451,Sudan,PMO - US,Direct Drop,EXW,Air,2011-02-05,2011-03-02,2011-04-29,2011-04-29,2011-04-29,HRDT,HIV test - Ancillary,"Standard Diagnostics, Inc.","HIV 1/2, Bioline 3.0 Diluent, 25 Tests, Bottle x 5 ml","HIV 1/2, Bioline 3.0 Diluent, 25 Tests",Bioline,Unknown,Test kit - Ancillary,1,13,11.7,0.9,0.9,"Standard Diagnostics, Korea",Yes,1.0,137.5,0.02,0,Yes,137.5,Potential Outlier,0.8999999999999999
2559,108-VN-T01,Pre-PQ Process,SCMS-44980,ASN-4094,Vietnam,PMO - US,Direct Drop,EXW,Air,,2009-04-29,2009-06-08,2009-06-08,2009-06-08,ARV,Adult,Aurobindo Pharma Limited,"Didanosine 250mg, delayed-release capsules, 30 Caps",Didanosine,Generic,250mg,Delayed-release capsules,30,150,1950.0,13.0,0.43,"Aurobindo Unit III, India",Yes,30.0,4111.71,3.82,0,Yes,137.057,Potential Outlier,13.0
85103,114-UG-T30,FPQ-5239,SO-36110,DN-1772,Uganda,PMO - US,From RDC,N/A - From RDC,Air,2010-03-02,,2010-06-02,2010-04-22,2010-04-22,ARV,Adult,SCMS from RDC,"Lamivudine/Zidovudine 150/300mg, tablets, 60 Tabs",Lamivudine/Zidovudine,Generic,150/300mg,Tablet - FDC,60,1600,14016.0,8.76,0.15,Hetero Unit III Hyderabad IN,Yes,13.0,1758.6,30.22,-41,Yes,135.27692307692308,Potential Outlier,8.76
85919,114-UG-T30,FPQ-10357,SO-42901,DN-2964,Uganda,PMO - US,From RDC,N/A - From RDC,Truck,2012-07-18,,2013-02-05,2013-02-05,2013-02-05,ARV,Adult,SCMS from RDC,"Lamivudine/Tenofovir Disoproxil Fumarate 300/300mg, tablets, 30 Tabs",Lamivudine/Tenofovir Disoproxil Fumarate,Generic,300/300mg,Tablet - FDC,30,48,257.28,5.36,0.18,Hetero Unit III Hyderabad IN,Yes,5.0,673.25,0.36,0,Yes,134.65,Potential Outlier,5.359999999999999
67661,105-GY-T30,FPQ-12626,SCMS-201380,ASN-22952,Guyana,PMO - US,Direct Drop,EXW,Air,2013-07-16,2013-08-02,2013-12-04,2013-12-04,2013-12-20,ARV,Pediatric,Aurobindo Pharma Limited,"Zidovudine 100mg, capsules, 100 Caps",Zidovudine,Generic,100mg,Capsule,100,114,513.0,4.5,0.04,"Aurobindo Unit III, India",Yes,5.0,672.49,0.63,0,Yes,134.498,Potential Outlier,4.5
85240,151-NG-T30,FPQ-8952,SO-41262,DN-2563,Nigeria,PMO - US,From RDC,N/A - From RDC,Air Charter,2011-12-08,,2012-06-20,2012-02-16,2012-02-16,ARV,Adult,SCMS from RDC,"Tenofovir Disoproxil Fumarate 300mg, tablets, 30 Tabs",Tenofovir Disoproxil Fumarate,Generic,300mg,Tablet,30,3000,16500.0,5.5,0.18,Mylan (formerly Matrix) Nashik,Yes,188.0,25231.96,23.13,-125,Yes,134.21255319148935,Potential Outlier,5.5
12513,100-PK-T01,Pre-PQ Process,SO-2497,DN-741,Pakistan,PMO - US,From RDC,N/A - From RDC,Air,,,2008-05-20,2008-05-20,2008-05-20,HRDT,HIV test,SCMS from RDC,"HIV 1/2, Uni-Gold HIV Kit, 20 Tests","HIV 1/2, Uni-Gold HIV Kit",Uni-Gold,Unknown,Test kit,20,10,320.0,32.0,1.6,"Trinity Biotech, Plc",Yes,3.0,400.75,0.51,0,Yes,133.58333333333334,Potential Outlier,32.0
82667,105-GY-T30,FPQ-13567,SO-47720,DN-3636,Guyana,PMO - US,From RDC,N/A - From RDC,Air,2014-01-16,,2014-04-30,2014-04-23,2014-06-11,ARV,Adult,SCMS from RDC,"Abacavir 300mg, tablets, 60 Tabs",Abacavir,Generic,300mg,Tablet,60,49,550.27,11.23,0.19,"Aurobindo Unit III, India",Yes,5.0,660.43,0.57,-7,Yes,132.08599999999998,Potential Outlier,11.23
32193,117-ET-T30,FPQ-13200,SCMS-213980,ASN-23661,Ethiopia,PMO - US,Direct Drop,EXW,Air,2013-10-25,2013-11-06,2014-01-14,2014-01-14,2014-01-15,HRDT,HIV test,"Trinity Biotech, Plc","HIV 1/2, Uni-Gold HIV Kit, 20 Tests","HIV 1/2, Uni-Gold HIV Kit",Uni-Gold,Unknown,Test kit,20,11,352.0,32.0,1.6,"Trinity Biotech, Plc",Yes,4.0,526.44,0.36,0,Yes,131.61,Potential Outlier,32.0
12281,114-UG-T01,Pre-PQ Process,SO-26160,DN-1225,Uganda,PMO - US,From RDC,N/A - From RDC,Air,,,2009-05-22,2009-05-22,2009-05-22,ARV,Adult,SCMS from RDC,"Stavudine 30mg, capsules, 60 Caps",Stavudine,Generic,30mg,Capsule,60,60,89.4,1.49,0.02,"Aurobindo Unit III, India",Yes,4.0,526.41,0.18,0,Yes,131.6025,Potential Outlier,1.49
8231,100-HT-T01,Pre-PQ Process,SCMS-15470,ASN-2759,Haiti,PMO - US,Direct Drop,EXW,Air,,2008-01-05,2008-11-11,2008-11-11,2008-11-11,HRDT,HIV test,"Trinity Biotech, Plc","HIV 1/2, Capillus HIV Kit, 100 Tests","HIV 1/2, Capillus HIV Kit",Capillus,Unknown,Test kit,100,2,278.0,139.0,1.39,"Trinity Biotech, Plc",Yes,4.0,523.12,0.54,0,Yes,130.78,Potential Outlier,139.0
83993,114-UG-T30,FPQ-5275,SO-36250,DN-1769,Uganda,PMO - US,From RDC,N/A - From RDC,Air,2010-03-04,,2010-06-04,2010-04-12,2010-04-12,ARV,Adult,SCMS from RDC,"Zidovudine 300mg, tablets, 60 Tabs",Zidovudine,Generic,300mg,Tablet,60,90,675.0,7.5,0.12,"Aurobindo Unit III, India",Yes,4.0,521.52,1.46,-53,Yes,130.38,Potential Outlier,7.5
84067,104-CI-T30,FPQ-5925,SO-38300,DN-2139,Côte d'Ivoire,PMO - US,From RDC,N/A - From RDC,Air,2010-06-23,,2011-03-15,2011-03-29,2011-03-29,ARV,Pediatric,SCMS from RDC,"Didanosine 200mg, chewable/dispersible tablets, 60 Tabs",Didanosine,Generic,200mg,Chewable/dispersible tablet,60,648,10044.0,15.5,0.26,"Aurobindo Unit III, India",Yes,138.0,17941.47,21.65,14,No,130.01065217391306,Potential Outlier,15.5
11343,151-NG-T01,Pre-PQ Process,SO-27813,DN-1348,Nigeria,PMO - US,From RDC,N/A - From RDC,Air Charter,,,2009-08-04,2009-08-04,2009-08-04,ARV,Adult,SCMS from RDC,"Emtricitabine/Tenofovir Disoproxil Fumarate 200/300mg [Truvada], tablets, 30 Tabs",Emtricitabine/Tenofovir Disoproxil Fumarate,Truvada,300/200mg,Tablet - FDC,30,662,17377.5,26.25,0.88,"Aspen-OSD, Port Elizabeth, SA",Yes,58.0,7445.8,34.06,0,Yes,128.37586206896552,Potential Outlier,26.25
8738,119-NA-T01,Pre-PQ Process,SCMS-31800,ASN-3210,Namibia,PMO - US,Direct Drop,EXW,Air,,2008-10-14,2009-01-23,2009-01-23,2009-01-23,HRDT,HIV test,"Orgenics, Ltd","HIV 1/2, Clearview Complete Kit, 25 Tests","HIV 1/2, Clearview Complete Kit",Clearview,Unknown,Test kit,25,20,1500.0,75.0,3.0,Inverness USA,Yes,9.0,1153.43,2.94,0,Yes,128.1588888888889,Potential Outlier,75.0
50309,114-UG-T30,FPQ-11153,SCMS-177120,ASN-18910,Uganda,PMO - US,Direct Drop,EXW,Air,2012-12-13,2013-02-07,2013-04-10,2013-04-10,2013-04-10,ARV,Pediatric,MICRO LABS LIMITED,"Efavirenz 50mg, capsule, 30 Caps",Efavirenz,Generic,50mg,Capsule,30,168,336.0,2.0,0.07,"Micro labs, Verna, Goa, India",Yes,8.0,1021.34,0.42,0,Yes,127.6675,Potential Outlier,2.0
11206,110-ZM-T01,Pre-PQ Process,SO-1084,DN-453,Zambia,PMO - US,From RDC,N/A - From RDC,Unknown,,,2007-12-06,2007-12-06,2007-12-06,ARV,Adult,SCMS from RDC,"Efavirenz 600mg, tablets, 30 Tabs",Efavirenz,Generic,600mg,Tablet,30,96,1872.0,19.5,0.65,"Cipla, Goa, India",Yes,5.0,636.52,3.0,0,Yes,127.304,Potential Outlier,19.5
10710,123-NG-T01,Pre-PQ Process,SO-19071,DN-1045,Nigeria,PMO - US,From RDC,N/A - From RDC,Truck,,,2009-01-19,2009-01-19,2009-01-19,ARV,Adult,SCMS from RDC,"Stavudine 30mg, capsules, 60 Caps",Stavudine,Generic,30mg,Capsule,60,858,1329.9,1.55,0.03,"Aurobindo Unit III, India",Yes,58.0,7363.73,2.61,0,Yes,126.96086206896553,Potential Outlier,1.55
58652,152-HT-T30,FPQ-6823,SCMS-98550,ASN-10063,Haiti,PMO - US,Direct Drop,EXW,Air,2010-12-14,2011-02-02,2011-04-06,2011-04-06,2011-04-06,HRDT,HIV test,"Orgenics, Ltd","HIV 1/2, Determine HIV Kit, without Lancets, 100 Tests","HIV 1/2, Determine HIV Kit, without Lancets",Determine,Unknown,Test kit,100,33,3223.44,97.68,0.98,Inverness Japan,Yes,8.0,1011.6,5.32,0,Yes,126.45,Potential Outlier,97.68
12600,151-NG-T01,Pre-PQ Process,SO-27815,DN-1351,Nigeria,PMO - US,From RDC,N/A - From RDC,Air Charter,,,2009-08-04,2009-08-04,2009-08-04,ARV,Adult,SCMS from RDC,"Emtricitabine/Tenofovir Disoproxil Fumarate 200/300mg [Truvada], tablets, 30 Tabs",Emtricitabine/Tenofovir Disoproxil Fumarate,Truvada,300/200mg,Tablet - FDC,30,671,17613.75,26.25,0.88,"Aspen-OSD, Port Elizabeth, SA",Yes,59.0,7445.8,34.52,0,Yes,126.2,Potential Outlier,26.25
2655,108-VN-T01,Pre-PQ Process,SCMS-80,ASN-49,Vietnam,PMO - US,Direct Drop,EXW,Air,,,2006-09-01,2006-09-01,2006-09-01,ARV,Adult,"GILEAD SCIENCES IRELAND, INC.","Tenofovir Disoproxil Fumarate 300mg [Viread], tablets, 30 Tabs",Tenofovir Disoproxil Fumarate,Viread,300mg,Tablet,30,1000,17000.0,17.0,0.57,Gilead(Nycomed) Oranienburg DE,Yes,61.0,7682.69,,0,Yes,125.94573770491805,Potential Outlier,17.0
6625,108-VN-T01,Pre-PQ Process,SCMS-166,ASN-261,Vietnam,PMO - US,Direct Drop,EXW,Air,,2006-12-02,2007-03-16,2007-03-16,2007-03-16,ARV,Adult,"GILEAD SCIENCES IRELAND, INC.","Tenofovir Disoproxil Fumarate 300mg [Viread], tablets, 30 Tabs",Tenofovir Disoproxil Fumarate,Viread,300mg,Tablet,30,1900,32300.0,17.0,0.57,Gilead(Nycomed) Oranienburg DE,Yes,116.0,14571.5,,0,Yes,125.61637931034484,Potential Outlier,17.0
84856,105-GY-T30,FPQ-12619,SO-46080,DN-3334,Guyana,PMO - US,From RDC,N/A - From RDC,Air,2013-07-16,,2013-10-14,2013-10-07,2013-10-22,ARV,Adult,SCMS from RDC,"Lamivudine 150mg, tablets, 60 Tabs",Lamivudine,Generic,150mg,Tablet,60,140,278.6,1.99,0.03,Hetero Unit III Hyderabad IN,Yes,9.0,1118.22,0.34,-7,Yes,124.24666666666668,Potential Outlier,1.99
83067,105-GY-T30,FPQ-10252,SO-42780,DN-2811,Guyana,PMO - US,From RDC,N/A - From RDC,Air,2012-07-05,,2012-10-02,2012-08-29,2012-08-29,ARV,Pediatric,SCMS from RDC,"Efavirenz 200mg, capsule, 90 Caps",Efavirenz,Generic,200mg,Capsule,90,52,429.52,8.26,0.09,"Aurobindo Unit III, India",Yes,38.0,4718.3,0.6,-34,Yes,124.1657894736842,Potential Outlier,8.26
84002,113-ZW-T30,FPQ-4688,SO-35900,DN-1830,Zimbabwe,PMO - US,From RDC,N/A - From RDC,Air,2009-12-08,,2010-05-28,2010-05-31,2010-05-31,ARV,Adult,SCMS from RDC,"Lamivudine/Nevirapine/Stavudine 150/200/30mg, tablets, 60 Tabs",Lamivudine/Nevirapine/Stavudine,Generic,150/200/30mg,Tablet - FDC,60,298,1743.3,5.85,0.1,"Cipla, Goa, India",Yes,31.0,3833.17,3.76,3,No,123.65064516129031,Potential Outlier,5.85
10721,131-NG-T01,Pre-PQ Process,SO-10821,DN-919,Nigeria,PMO - US,From RDC,N/A - From RDC,Air,,,2008-09-28,2008-09-28,2008-09-28,ARV,Adult,SCMS from RDC,"Efavirenz/Emtricitabine/Tenofovir Disoproxil Fumarate 600/200/300mg [Atripla], tablets, 30 Tabs",Efavirenz/Emtricitabine/Tenofovir Disoproxil Fumarate,Atripla,600/200/300mg,Tablet - FDC,30,1000,50400.0,50.4,1.68,"MSD, Haarlem, NL",Yes,108.0,13353.34,80.64,0,Yes,123.64203703703704,Potential Outlier,50.4
83567,101-CD-T30,FPQ-8840,SO-41381,DN-2523,"Congo, DRC",PMO - US,From RDC,N/A - From RDC,Air,2011-11-21,,2012-03-22,2012-03-22,2012-03-22,ARV,Adult,SCMS from RDC,"Lamivudine 150mg, tablets, 60 Tabs",Lamivudine,Generic,150mg,Tablet,60,67,156.11,2.33,0.04,Hetero Unit III Hyderabad IN,Yes,4.0,491.42,0.22,0,Yes,122.855,Potential Outlier,2.33
6600,108-VN-T01,Pre-PQ Process,SCMS-78,ASN-51,Vietnam,PMO - US,Direct Drop,EXW,Air,,,2006-09-01,2006-09-01,2006-09-01,ARV,Adult,SUN PHARMACEUTICAL INDUSTRIES LTD (RANBAXY LABORATORIES LIMITED),"Lamivudine 150mg, tablets, 60 Tabs",Lamivudine,Generic,150mg,Tablet,60,2080,8299.2,3.99,0.07,"Ranbaxy, Paonta Shahib, India",Yes,87.0,10657.19,,0,Yes,122.4964367816092,Potential Outlier,3.99
43628,144-BW-T30,FPQ-4487,SCMS-57520,ASN-7210,Botswana,PMO - US,Direct Drop,EXW,Air,2009-11-02,2009-11-13,2010-09-13,2010-09-13,2010-09-13,HRDT,HIV test - Ancillary,"Trinity Biotech, Plc","#109436**HIV 1, Uni-Gold Recombigen HIV Control, Vial 2 x 0.5 ml","HIV 1, Uni-Gold Recombigen HIV Control, Vial 2 x 0.5 ml",Uni-Gold,Unknown,Test kit - Ancillary,2,15,465.0,31.0,15.5,"Trinity Biotech, Plc",Yes,5.0,592.46,1.0,0,Yes,118.492,Potential Outlier,31.0
82390,200-ZW-T30,FPQ-6483,SO-38901,DN-2288,Zimbabwe,PMO - US,From RDC,N/A - From RDC,Air,2010-10-13,,2011-09-30,2011-08-04,2011-08-04,ARV,Pediatric,SCMS from RDC,"Didanosine 125mg, delayed-release capsules, 30 Caps",Didanosine,Generic,125mg,Delayed-release capsules,30,124,1054.0,8.5,0.28,"Aurobindo Unit III, India",Yes,8.0,940.23,2.27,-57,Yes,117.52875,Potential Outlier,8.5
8996,106-HT-T01,Pre-PQ Process,SCMS-39940,ASN-3753,Haiti,PMO - US,Direct Drop,FCA,Air,,2009-03-04,2009-04-15,2009-04-15,2009-04-15,ARV,Pediatric,ABBVIE LOGISTICS (FORMERLY ABBOTT LOGISTICS BV),"Lopinavir/Ritonavir 100/25mg [Aluvia], tablets, 60 Tabs",Lopinavir/Ritonavir,Generic,100/25mg,Tablet,60,14,143.92,10.28,0.17,ABBVIE Ludwigshafen Germany,Yes,7.0,810.36,0.28,0,Yes,115.76571428571428,Potential Outlier,10.28
26843,102-SD-T30,FPQ-8261,SCMS-120463,ASN-12332,Sudan,PMO - US,Direct Drop,EXW,Air,2011-08-29,2011-09-07,2012-01-11,2012-01-11,2012-01-11,HRDT,HIV test,"Trinity Biotech, Plc","HIV 1/2, Uni-Gold HIV Kit, 20 Tests","HIV 1/2, Uni-Gold HIV Kit",Uni-Gold,Unknown,Test kit,20,11,352.0,32.0,1.6,"Trinity Biotech, Plc",Yes,5.0,578.73,0.58,0,Yes,115.746,Potential Outlier,32.0
83585,107-RW-T30,FPQ-8372,SO-40970,DN-2627,Rwanda,PMO - US,From RDC,N/A - From RDC,Air,2011-10-19,,2012-08-09,2012-04-17,2012-04-17,ARV,Pediatric,SCMS from RDC,"Efavirenz 50mg, capsule, 30 Caps",Efavirenz,Generic,50mg,Capsule,30,1092,2446.08,2.24,0.07,"Aurobindo Unit III, India",Yes,7.0,805.58,4.04,-114,Yes,115.08285714285716,Potential Outlier,2.24
72719,104-CI-T30,FPQ-10764,SCMS-162870,ASN-17621,Côte d'Ivoire,PMO - US,Direct Drop,EXW,Air,2012-10-10,2012-10-22,2013-01-09,2013-01-09,2013-01-09,HRDT,HIV test,BIO-RAD LABORATORIES (FRANCE),"HIV 1/2, Genie III Kit, 50 Tests","HIV 1/2, Genie III Kit",Genie,Unknown,Test kit,50,500,45500.0,91.0,1.82,Bio-Rad Laboratories,Yes,284.0,32609.44,63.79,0,Yes,114.82197183098592,Potential Outlier,91.0
65241,102-MW-T30,FPQ-12745,SCMS-203130,ASN-22041,Malawi,PMO - US,Direct Drop,EXW,Air,2013-08-01,2013-09-04,2013-10-15,2013-10-15,2013-10-21,HRDT,HIV test,"Trinity Biotech, Plc","HIV 1/2, Uni-Gold HIV Kit, 20 Tests","HIV 1/2, Uni-Gold HIV Kit",Uni-Gold,Unknown,Test kit,20,15,480.0,32.0,1.6,"Trinity Biotech, Plc",Yes,5.0,572.55,0.59,0,Yes,114.51,Potential Outlier,32.0
86028,103-ZW-T30,FPQ-12086,SO-45122,DN-3468,Zimbabwe,PMO - US,From RDC,N/A - From RDC,Truck,2013-04-19,,2014-01-31,2014-01-13,2014-01-29,ARV,Pediatric,SCMS from RDC,"Abacavir 20mg/ml, oral solution w/syringe, Bottle, 240 ml",Abacavir,Generic,20mg/ml,Oral solution,240,241,2050.91,8.51,0.04,"Aurobindo Unit III, India",Yes,64.0,7300.0,2.54,-18,Yes,114.0625,Potential Outlier,8.51
64589,114-UG-T30,FPQ-11141,SCMS-176730,ASN-19001,Uganda,PMO - US,Direct Drop,EXW,Air,2012-12-13,2013-02-07,2013-05-08,2013-05-08,2013-05-08,ARV,Pediatric,MICRO LABS LIMITED,"Efavirenz 50mg, capsule, 30 Caps",Efavirenz,Generic,50mg,Capsule,30,252,504.0,2.0,0.07,"Micro labs, Verna, Goa, India",Yes,9.0,1026.15,0.62,0,Yes,114.01666666666668,Potential Outlier,2.0
11988,106-HT-T01,Pre-PQ Process,SO-24851,DN-1283,Haiti,PMO - US,From RDC,N/A - From RDC,Air,,,2009-06-25,2009-06-25,2009-06-25,ARV,Adult,SCMS from RDC,"Nevirapine 200mg, tablets, 60 Tabs",Nevirapine,Generic,200mg,Tablet,60,18750,56250.0,3.0,0.05,Hetero Unit III Hyderabad IN,Yes,111.0,12448.02,110.25,0,Yes,112.14432432432432,Potential Outlier,3.0
10976,106-HT-T01,Pre-PQ Process,SO-1565,DN-657,Haiti,PMO - US,From RDC,N/A - From RDC,Air,,,2008-03-19,2008-03-19,2008-03-19,HRDT,HIV test,SCMS from RDC,"HIV 1/2, Determine HIV Kit, without Lancets, 100 Tests","HIV 1/2, Determine HIV Kit, without Lancets",Determine,Unknown,Test kit,100,30,2160.0,72.0,0.72,Inverness Japan,Yes,7.0,774.84,3.46,0,Yes,110.69142857142856,Potential Outlier,72.0
11610,100-PK-T01,Pre-PQ Process,SO-22440,DN-1147,Pakistan,PMO - US,From RDC,N/A - From RDC,Air,,,2009-04-01,2009-04-01,2009-04-01,HRDT,HIV test,SCMS from RDC,"HIV 1/2, Uni-Gold HIV Kit, 20 Tests","HIV 1/2, Uni-Gold HIV Kit",Uni-Gold,Unknown,Test kit,20,15,540.0,36.0,1.8,"Trinity Biotech, Plc",Yes,16.0,1764.93,1.06,0,Yes,110.308125,Potential Outlier,36.0
5120,104-CI-T01,Pre-PQ Process,SCMS-44050,ASN-4095,Côte d'Ivoire,PMO - US,Direct Drop,EXW,Air,,2009-04-15,2009-06-10,2009-06-17,2009-06-17,HRDT,HIV test,BIO-RAD LABORATORIES (FRANCE),"#108853** HIV, Genie II HIV-1/HIV-2 Kit, 40 Tests","HIV, Genie II HIV-1/HIV-2 Kit",Genie,Unknown,Test kit,40,18,1980.0,110.0,2.75,Bio-Rad Laboratories,Yes,20.0,2199.43,3.88,7,No,109.9715,Potential Outlier,110.0
85317,151-NG-T30,FPQ-9968,SO-43433,DN-2944,Nigeria,PMO - US,From RDC,N/A - From RDC,Air,2012-05-23,,2012-12-04,2012-12-04,2012-12-04,ARV,Pediatric,SCMS from RDC,"Efavirenz 200mg, scored tablets, 90 Tabs",Efavirenz,Generic,200mg,Tablet,90,6654,48574.2,7.3,0.08,"Strides, Bangalore, India.",Yes,465.0,51090.0,68.1,0,Yes,109.87096774193547,Potential Outlier,7.3
82283,114-UG-T30,FPQ-4275,SO-35160,DN-1601,Uganda,PMO - US,From RDC,N/A - From RDC,Air,2009-09-17,,2010-01-15,2010-01-22,2010-01-22,ARV,Adult,SCMS from RDC,"Lamivudine/Nevirapine/Zidovudine 150/200/300mg, tablets, 60 Tabs",Lamivudine/Nevirapine/Zidovudine,Generic,150/300/200mg,Tablet - FDC,60,59,661.98,11.22,0.19,Mylan (formerly Matrix) Nashik,Yes,12.0,1311.0,1.3,7,No,109.25,Potential Outlier,11.22
26505,102-ML-T30,FPQ-13391,SCMS-221920,ASN-24156,Mali,PMO - US,Direct Drop,EXW,Air,2013-12-16,2014-01-22,2014-02-12,2014-02-12,2014-02-20,HRDT,HIV test,Orasure Technologies Inc.,"HIV 1/2, OraQuick Advance HIV Rapid Antibody Kit, 100 Tests","HIV 1/2, OraQuick Advance HIV Rapid Antibody Kit",OraQuick,Unknown,Test kit,100,4,1400.0,350.0,3.5,"Pacific Biotech, Thailand",Yes,11.0,1195.24,1.44,0,Yes,108.65818181818182,Potential Outlier,350.0
86787,107-RW-T30,FPQ-15622,SO-50690,DN-4176,Rwanda,PMO - US,From RDC,N/A - From RDC,Air,2014-12-22,,2015-04-24,2015-05-04,2015-05-08,ARV,Adult,SCMS from RDC,"Tenofovir Disoproxil Fumarate 300mg, tablets, 30 Tabs",Tenofovir Disoproxil Fumarate,Generic,300mg,Tablet,30,200,710.0,3.55,0.12,Mylan (formerly Matrix) Nashik,Yes,12.0,1301.94,0.84,10,No,108.495,Potential Outlier,3.55
85239,151-NG-T30,FPQ-8952,SO-41261,DN-2562,Nigeria,PMO - US,From RDC,N/A - From RDC,Air Charter,2011-12-08,,2012-06-20,2012-02-16,2012-02-16,ARV,Pediatric,SCMS from RDC,"Efavirenz 200mg, capsule, 90 Caps",Efavirenz,Generic,200mg,Capsule,90,1530,13571.1,8.87,0.1,"Aurobindo Unit III, India",Yes,233.0,25231.96,19.03,-125,Yes,108.29167381974248,Potential Outlier,8.870000000000001
11042,114-UG-T01,Pre-PQ Process,SO-26151,DN-1224,Uganda,PMO - US,From RDC,N/A - From RDC,Air,,,2009-05-22,2009-05-22,2009-05-22,ARV,Adult,SCMS from RDC,"Lamivudine 150mg, tablets, 60 Tabs",Lamivudine,Generic,150mg,Tablet,60,90,219.6,2.44,0.04,"Aurobindo Unit III, India",Yes,5.0,537.32,0.43,0,Yes,107.464,Potential Outlier,2.44
27670,114-UG-T30,FPQ-12273,SCMS-198550,ASN-21516,Uganda,PMO - US,Direct Drop,EXW,Air,2013-07-08,2013-08-12,2013-09-30,2013-09-30,2013-09-30,HRDT,HIV test,BIO-RAD LABORATORIES (FRANCE),"HIV 1/2, Genie III Kit, 50 Tests","HIV 1/2, Genie III Kit",Genie,Unknown,Test kit,50,15,1363.65,90.91,1.82,Bio-Rad Laboratories,Yes,8.0,855.41,1.69,0,Yes,106.92625,Potential Outlier,90.91
11579,112-NG-T01,Pre-PQ Process,SO-12780,DN-911,Nigeria,PMO - US,From RDC,N/A - From RDC,Air,,,2008-09-12,2008-09-12,2008-09-12,ARV,Adult,SCMS from RDC,"Emtricitabine/Tenofovir Disoproxil Fumarate 200/300mg [Truvada], tablets, 30 Tabs",Emtricitabine/Tenofovir Disoproxil Fumarate,Truvada,300/200mg,Tablet - FDC,30,76,1995.0,26.25,0.88,"Aspen-OSD, Port Elizabeth, SA",Yes,7.0,747.5,3.19,0,Yes,106.78571428571428,Potential Outlier,26.25
77712,109-TZ-T30,FPQ-6925,SCMS-97140,ASN-10066,Tanzania,PMO - US,Direct Drop,EXW,Air,2010-12-27,2011-02-02,2011-04-14,2011-04-14,2011-04-14,HRDT,HIV test,"Orgenics, Ltd","HIV 1/2, Determine Complete HIV Kit, 100 Tests","HIV 1/2, Determine Complete HIV Kit",Determine,Unknown,Test kit,100,30,2400.0,80.0,0.8,Inverness Japan,Yes,14.0,1489.33,3.96,0,Yes,106.38071428571428,Potential Outlier,80.0
74697,108-VN-T30,FPQ-7898,SCMS-113650,ASN-12787,Vietnam,PMO - US,Direct Drop,EXW,Air,2011-06-27,2011-07-07,2011-11-22,2011-11-22,2011-11-22,ARV,Adult,MYLAN LABORATORIES LTD (FORMERLY MATRIX LABORATORIES),"Abacavir 300mg, tablets, 60 Tabs",Abacavir,Generic,300mg,Tablet,60,408,5911.92,14.49,0.24,Mylan (formerly Matrix) Nashik,Yes,42.0,4388.84,9.75,0,Yes,104.49619047619048,Potential Outlier,14.49
12264,151-NG-T01,Pre-PQ Process,SO-21783,DN-1131,Nigeria,PMO - US,From RDC,N/A - From RDC,Air,,,2009-03-24,2009-03-24,2009-03-24,ARV,Adult,SCMS from RDC,"Emtricitabine/Tenofovir Disoproxil Fumarate 200/300mg [Truvada], tablets, 30 Tabs",Emtricitabine/Tenofovir Disoproxil Fumarate,Truvada,300/200mg,Tablet - FDC,30,662,17377.5,26.25,0.88,"Aspen-OSD, Port Elizabeth, SA",Yes,62.0,6443.61,34.06,0,Yes,103.92919354838708,Potential Outlier,26.25
3971,107-RW-T01,Pre-PQ Process,SCMS-290,ASN-191,Rwanda,PMO - US,Direct Drop,EXW,Air,,2006-12-29,2007-01-25,2007-03-09,2007-03-09,HRDT,HIV test,"Trinity Biotech, Plc","HIV 1/2, Uni-Gold HIV Kit, 20 Tests","HIV 1/2, Uni-Gold HIV Kit",Uni-Gold,Unknown,Test kit,20,500,20000.0,40.0,2.0,"Trinity Biotech, Plc",Yes,173.0,17928.53,,43,No,103.63312138728324,Potential Outlier,40.0
10749,130-NG-T01,Pre-PQ Process,SO-10610,DN-959,Nigeria,PMO - US,From RDC,N/A - From RDC,Air,,,2008-10-30,2008-10-30,2008-10-30,ARV,Adult,SCMS from RDC,"Efavirenz 600mg, tablets, 30 Tabs",Efavirenz,Generic,600mg,Tablet,30,2003,23475.16,11.72,0.39,"Aurobindo Unit III, India",Yes,181.0,18617.93,46.01,0,Yes,102.86149171270718,Potential Outlier,11.72
47311,104-CI-T30,FPQ-8366,SCMS-124280,ASN-13315,Côte d'Ivoire,PMO - US,Direct Drop,FCA,Ocean,2011-09-05,2011-10-11,2012-03-23,2012-03-23,2012-03-23,ARV,Adult,ABBVIE LOGISTICS (FORMERLY ABBOTT LOGISTICS BV),"Lopinavir/Ritonavir 200/50mg [Aluvia], tablets, 120 Tabs",Lopinavir/Ritonavir,Aluvia,200/50mg,Tablet,120,1573,48479.86,30.82,0.26,ABBVIE Ludwigshafen Germany,Yes,393.0,40289.0,79.99,0,Yes,102.51653944020356,Potential Outlier,30.82
86074,111-MZ-T30,FPQ-13124,SO-47052,DN-3645,Mozambique,PMO - US,From RDC,N/A - From RDC,Truck,2013-10-21,,2014-06-30,2014-05-26,2014-06-11,ARV,Adult,SCMS from RDC,"Tenofovir Disoproxil Fumarate 300mg, tablets, 30 Tabs",Tenofovir Disoproxil Fumarate,Generic,300mg,Tablet,30,560,2116.8,3.78,0.13,Hetero Unit III Hyderabad IN,Yes,40.0,4100.0,2.18,-35,Yes,102.5,Potential Outlier,3.78
84058,151-NG-T30,FPQ-6243,SO-38330,DN-2092,Nigeria,PMO - US,From RDC,N/A - From RDC,Air Charter,2010-08-25,,2011-02-21,2011-02-16,2011-02-16,ARV,Adult,SCMS from RDC,"Lamivudine 150mg, tablets, 60 Tabs",Lamivudine,Generic,150mg,Tablet,60,6700,15611.0,2.33,0.04,"Aurobindo Unit III, India",Yes,426.0,43548.0,33.66,-5,Yes,102.22535211267606,Potential Outlier,2.33
54045,108-VN-T30,FPQ-5094,SCMS-68700,ASN-7337,Vietnam,PMO - US,Direct Drop,FCA,Air,2010-03-15,2010-03-31,2010-08-02,2010-08-02,2010-08-02,ARV,Adult,ABBVIE LOGISTICS (FORMERLY ABBOTT LOGISTICS BV),"Ritonavir 100mg [Norvir], capsules, cool, 4 x 84 Caps",Ritonavir,Norvir,100mg,Capsule,336,20,6137.6,306.88,0.91,ABBVIE (Abbott) Logis. UK,Yes,57.0,5795.92,13.23,0,Yes,101.68280701754388,Potential Outlier,306.88
11067,114-UG-T01,Pre-PQ Process,SO-32960,DN-1414,Uganda,PMO - US,From RDC,N/A - From RDC,Air,,,2009-09-14,2009-09-14,2009-09-14,ARV,Adult,SCMS from RDC,"Zidovudine 300mg, tablets, 60 Tabs",Zidovudine,Generic,300mg,Tablet,60,192,1445.76,7.53,0.13,"Aurobindo Unit III, India",Yes,11.0,1112.31,2.83,0,Yes,101.1190909090909,Potential Outlier,7.53
12542,114-UG-T01,Pre-PQ Process,SO-17752,DN-1093,Uganda,PMO - US,From RDC,N/A - From RDC,Air,,,2009-03-03,2009-03-03,2009-03-03,ARV,Adult,SCMS from RDC,"Lamivudine/Nevirapine/Zidovudine 150/200/300mg, tablets, 60 Tabs",Lamivudine/Nevirapine/Zidovudine,Generic,150/300/200mg,Tablet - FDC,60,88,1038.4,11.8,0.2,"Aurobindo Unit III, India",Yes,10.0,1002.2,2.04,0,Yes,100.22,Potential Outlier,11.8
11706,102-GY-T01,Pre-PQ Process,SO-387,DN-42,Guyana,PMO - US,From RDC,N/A - From RDC,Air,,,2007-03-08,2007-03-08,2007-03-08,HRDT,HIV test,SCMS from RDC,"HIV 1/2, Determine Complete HIV Kit, 100 Tests","HIV 1/2, Determine Complete HIV Kit",Determine,Unknown,Test kit,100,210,16800.0,80.0,0.8,ABBVIE GmbH & Co.KG Wiesbaden,Yes,60.0,6012.0,,0,Yes,100.2,Potential Outlier,80.0
83386,114-UG-T30,FPQ-4275,SO-33970,DN-1576,Uganda,PMO - US,From RDC,N/A - From RDC,Air,2009-09-17,,2009-12-20,2009-11-26,2009-11-26,ARV,Adult,SCMS from RDC,"Efavirenz 600mg, tablets, 30 Tabs",Efavirenz,Generic,600mg,Tablet,30,12100,69938.0,5.78,0.19,"Aurobindo Unit III, India",Yes,36.0,3602.34,137.08,-24,Yes,100.065,Potential Outlier,5.78
11348,111-MZ-T01,Pre-PQ Process,SO-26423,DN-1379,Mozambique,PMO - US,From RDC,N/A - From RDC,Truck,,,2009-08-27,2009-09-17,2009-09-17,ARV,Adult,SCMS from RDC,"Lamivudine 150mg, tablets, 60 Tabs",Lamivudine,Generic,150mg,Tablet,60,374,912.56,2.44,0.04,"Aurobindo Unit III, India",Yes,18.0,1799.88,1.79,21,No,99.99333333333334,Potential Outlier,2.44
12329,114-UG-T01,Pre-PQ Process,SO-34290,DN-1528,Uganda,PMO - US,From RDC,N/A - From RDC,Air,,,2009-11-23,2009-11-23,2009-11-23,ARV,Adult,SCMS from RDC,"Lamivudine/Stavudine 150/30mg, tablets, 60 Tabs",Lamivudine/Stavudine,Generic,150/30mg,Tablet - FDC,60,60,240.0,4.0,0.07,"Cipla, Goa, India",Yes,4.0,396.08,0.52,0,Yes,99.02,Potential Outlier,4.0
85234,101-CD-T30,FPQ-8840,SO-41388,DN-2529,"Congo, DRC",PMO - US,From RDC,N/A - From RDC,Air,2011-11-21,,2012-03-22,2012-03-22,2012-03-22,ARV,Adult,SCMS from RDC,"Lamivudine 150mg, tablets, 60 Tabs",Lamivudine,Generic,150mg,Tablet,60,73,170.09,2.33,0.04,Hetero Unit III Hyderabad IN,Yes,5.0,491.43,0.24,0,Yes,98.286,Potential Outlier,2.33
10766,114-UG-T01,Pre-PQ Process,SO-30100,DN-1232,Uganda,PMO - US,From RDC,N/A - From RDC,Air,,,2009-06-01,2009-06-01,2009-06-01,ARV,Adult,SCMS from RDC,"Lamivudine/Zidovudine 150/300mg, tablets, 60 Tabs",Lamivudine/Zidovudine,Generic,150/300mg,Tablet - FDC,60,3574,31308.24,8.76,0.15,Mylan (formerly Matrix) Nashik,Yes,14.0,1375.36,61.36,0,Yes,98.24,Potential Outlier,8.76
11666,151-NG-T01,Pre-PQ Process,SO-27814,DN-1349,Nigeria,PMO - US,From RDC,N/A - From RDC,Air Charter,,,2009-08-04,2009-08-04,2009-08-04,ARV,Adult,SCMS from RDC,"Emtricitabine/Tenofovir Disoproxil Fumarate 200/300mg [Truvada], tablets, 30 Tabs",Emtricitabine/Tenofovir Disoproxil Fumarate,Truvada,300/200mg,Tablet - FDC,30,873,22916.25,26.25,0.88,"Aspen-OSD, Port Elizabeth, SA",Yes,76.0,7445.8,44.92,0,Yes,97.97105263157896,Potential Outlier,26.25
7849,114-UG-T01,Pre-PQ Process,SCMS-45660,ASN-4378,Uganda,PMO - US,Direct Drop,CIP,Air,,2009-05-11,2009-07-06,2009-07-06,2009-07-06,ARV,Adult,BRISTOL-MYERS SQUIBB,"Didanosine EC 250mg [Videx EC], delayed-release capsules, Blister 3 x 10 Caps",Didanosine EC,Videx EC,250mg,Delayed-release capsules - blister,30,84,1540.56,18.34,0.61,"BMS Meymac, France",Yes,4.0,390.81,3.02,0,Yes,97.7025,Potential Outlier,18.34
10823,107-RW-T01,Pre-PQ Process,SO-481,DN-100,Rwanda,PMO - US,From RDC,N/A - From RDC,Air,,,2007-05-14,2007-05-14,2007-05-14,ARV,Pediatric,SCMS from RDC,"Abacavir 20mg/ml, oral solution, Bottle, 240 ml",Abacavir,Generic,20mg/ml,Oral solution,240,90,1935.0,21.5,0.09,"Aurobindo Unit III, India",Yes,120.0,11609.31,,0,Yes,96.74425,Potential Outlier,21.5
86373,114-UG-T30,FPQ-6614,SO-37970,DN-2145,Uganda,PMO - US,From RDC,N/A - From RDC,Air,2010-10-31,,2011-04-05,2011-04-01,2011-04-01,ARV,Adult,SCMS from RDC,"Nevirapine 200mg, tablets, 60 Tabs",Nevirapine,Generic,200mg,Tablet,60,972,2507.76,2.58,0.04,"Strides, Bangalore, India.",Yes,58.0,5596.5,4.14,-4,Yes,96.49137931034484,Potential Outlier,2.58
83551,111-MZ-T30,FPQ-8157,SO-40321,DN-2480,Mozambique,PMO - US,From RDC,N/A - From RDC,Truck,2011-08-04,,2012-02-29,2012-02-22,2012-02-22,ARV,Adult,SCMS from RDC,"Lamivudine/Nevirapine/Zidovudine 150/200/300mg, tablets, 60 Tabs",Lamivudine/Nevirapine/Zidovudine,Generic,150/300/200mg,Tablet - FDC,60,275,3085.5,11.22,0.19,Mylan (formerly Matrix) Nashik,Yes,36.0,3470.0,5.09,-7,Yes,96.38888888888889,Potential Outlier,11.22
78427,101-CD-T30,FPQ-11103,SCMS-170610,ASN-18067,"Congo, DRC",PMO - US,Direct Drop,FCA,Air,2012-12-07,2013-01-03,2013-03-15,2013-04-03,2013-04-03,ARV,Pediatric,ABBVIE LOGISTICS (FORMERLY ABBOTT LOGISTICS BV),"Lopinavir/Ritonavir 100/25mg [Aluvia], tablets, 60 Tabs",Lopinavir/Ritonavir,Generic,100/25mg,Tablet,60,24,142.56,5.94,0.1,ABBVIE Ludwigshafen Germany,Yes,8.0,767.87,0.18,19,No,95.98375,Potential Outlier,5.94
7857,102-BW-T01,Pre-PQ Process,SCMS-46080,ASN-4216,Botswana,PMO - US,Direct Drop,EXW,Air,,2009-05-18,2009-07-07,2009-07-07,2009-07-07,HRDT,HIV test,"Orgenics, Ltd","HIV 1/2, Determine HIV Kit, without Lancets, 100 Tests","HIV 1/2, Determine HIV Kit, without Lancets",Determine,Unknown,Test kit,100,15,1050.0,70.0,0.7,Inverness Japan,Yes,4.0,383.65,2.06,0,Yes,95.9125,Potential Outlier,70.0
86307,104-CI-T30,FPQ-5619,SO-36821,DN-1850,Côte d'Ivoire,PMO - US,From RDC,N/A - From RDC,Air,2010-05-02,,2010-06-03,2010-06-07,2010-06-07,ARV,Adult,SCMS from RDC,"Tenofovir Disoproxil Fumarate 300mg, tablets, 30 Tabs",Tenofovir Disoproxil Fumarate,Generic,300mg,Tablet,30,488,3728.32,7.64,0.25,Mylan (formerly Matrix) Nashik,Yes,28.0,2677.09,8.04,4,No,95.61035714285715,Potential Outlier,7.640000000000001
22817,107-RW-T30,FPQ-4854,SCMS-63650,ASN-6167,Rwanda,PMO - US,Direct Drop,FCA,Air,2010-01-06,2010-01-20,2010-03-03,2010-03-03,2010-03-03,ARV,Adult,Hoffmann-La Roche ltd Basel,"Nelfinavir (as mesilate) 250mg [Viracept], tablets, 270 Tabs",Nelfinavir (as mesilate),Viracept,250mg,Tablet,270,40,5037.72,125.94,0.47,Roche Madrid,Yes,11.0,1049.3,10.86,0,Yes,95.39090909090908,Potential Outlier,125.943
83965,106-HT-T30,FPQ-4469,SO-34190,DN-1531,Haiti,PMO - US,From RDC,N/A - From RDC,Air,2009-09-23,,2009-12-02,2009-11-30,2009-11-30,ARV,Adult,SCMS from RDC,"Zidovudine 300mg, tablets, 60 Tabs",Zidovudine,Generic,300mg,Tablet,60,990,7454.7,7.53,0.13,"Aurobindo Unit III, India",Yes,109.0,10331.78,16.07,-2,Yes,94.78697247706424,Potential Outlier,7.53
35678,101-CD-T30,FPQ-8792,SCMS-131080,ASN-15396,"Congo, DRC",PMO - US,Direct Drop,EXW,Air,2011-12-14,2012-01-09,2012-11-20,2012-11-20,2012-11-20,HRDT,HIV test,"Orgenics, Ltd","HIV 1/2, DoubleCheck Gold Kit, 20 Tests","HIV 1/2, DoubleCheck Gold Kit",DoubleCheck,Unknown,Test kit,20,196,7157.92,36.52,1.83,"Alere Medical Co., Ltd.",Yes,47.0,4449.1,10.04,0,Yes,94.66170212765958,Potential Outlier,36.52
12294,106-HT-T01,Pre-PQ Process,SO-24832,DN-1278,Haiti,PMO - US,From RDC,N/A - From RDC,Air,,,2009-06-18,2009-06-18,2009-06-18,ARV,Pediatric,SCMS from RDC,"Efavirenz 50mg, capsule, 30 Caps",Efavirenz,Generic,50mg,Capsule,30,1428,3198.72,2.24,0.07,"Aurobindo Unit III, India",Yes,83.0,7789.85,6.27,0,Yes,93.85361445783133,Potential Outlier,2.24
270,108-VN-T01,Pre-PQ Process,SCMS-14200,ASN-1171,Vietnam,PMO - US,Direct Drop,EXW,Air,,2007-11-21,2008-01-21,2008-01-21,2008-01-21,ARV,Adult,SUN PHARMACEUTICAL INDUSTRIES LTD (RANBAXY LABORATORIES LIMITED),"Zidovudine 300mg, tablets, 60 Tabs",Zidovudine,Generic,300mg,Tablet,60,400,3352.0,8.38,0.14,"Ranbaxy, Paonta Shahib, India",Yes,23.0,2149.05,5.36,0,Yes,93.43695652173912,Potential Outlier,8.38
74906,106-HT-T30,FPQ-12590,SCMS-210440,ASN-23017,Haiti,PMO - US,Direct Drop,FCA,Air,2013-08-21,2013-10-22,2014-01-23,2014-01-23,2014-01-24,ARV,Pediatric,ABBVIE LOGISTICS (FORMERLY ABBOTT LOGISTICS BV),"Lopinavir/Ritonavir 100/25mg [Aluvia], tablets, 60 Tabs",Lopinavir/Ritonavir,Generic,100/25mg,Tablet,60,80,475.2,5.94,0.1,ABBVIE Ludwigshafen Germany,Yes,8.0,737.12,0.59,0,Yes,92.14,Potential Outlier,5.94
86676,111-MZ-T30,FPQ-12416,SO-48180,DN-3644,Mozambique,PMO - US,From RDC,N/A - From RDC,Truck,2013-06-28,,2014-06-02,2014-06-03,2014-06-11,ARV,Adult,SCMS from RDC,"Abacavir 300mg, tablets, 60 Tabs",Abacavir,Generic,300mg,Tablet,60,405,4548.15,11.23,0.19,Mylan (formerly Matrix) Nashik,Yes,39.0,3590.0,5.63,1,No,92.05128205128206,Potential Outlier,11.23
22799,106-HT-T30,FPQ-9066,SCMS-138570,ASN-14148,Haiti,PMO - US,Direct Drop,EXW,Air,2012-01-06,2012-02-24,2012-04-10,2012-04-10,2012-04-10,ARV,Pediatric,Aurobindo Pharma Limited,"Didanosine 125mg, delayed-release capsules, 30 Caps",Didanosine,Generic,125mg,Delayed-release capsules,30,252,2142.0,8.5,0.28,"Aurobindo Unit III, India",Yes,16.0,1471.46,3.0,0,Yes,91.96625,Potential Outlier,8.5
86073,107-RW-T30,FPQ-13728,SO-47970,DN-3637,Rwanda,PMO - US,From RDC,N/A - From RDC,Air,2014-02-13,,2014-06-04,2014-06-04,2014-07-10,ARV,Pediatric,SCMS from RDC,"Lamivudine/Zidovudine 30/60mg, tablets, 60 Tabs",Lamivudine/Zidovudine,Generic,30/60mg,Tablet - FDC,60,373,746.0,2.0,0.03,Mylan (formerly Matrix) Nashik,Yes,14.0,1284.7,0.77,0,Yes,91.76428571428572,Potential Outlier,2.0
48516,106-HT-T30,FPQ-15038,SCMS-262950,ASN-30813,Haiti,PMO - US,Direct Drop,EXW,Air,2014-10-22,2014-12-24,2015-03-30,2015-03-30,2015-03-31,ARV,Pediatric,Aurobindo Pharma Limited,"Zidovudine 100mg, capsules, 100 Caps",Zidovudine,Generic,100mg,Capsule,100,120,540.0,4.5,0.04,"Aurobindo Unit III, India",Yes,9.0,820.56,0.56,0,Yes,91.17333333333332,Potential Outlier,4.5
40373,109-TZ-T30,FPQ-6925,SCMS-97130,ASN-9833,Tanzania,PMO - US,Direct Drop,EXW,Air,2010-12-27,2011-02-02,2011-03-29,2011-03-29,2011-03-29,HRDT,HIV test,"Trinity Biotech, Plc","HIV 1/2, Uni-Gold HIV Kit, 20 Tests","HIV 1/2, Uni-Gold HIV Kit",Uni-Gold,Unknown,Test kit,20,30,960.0,32.0,1.6,"Trinity Biotech, Plc",Yes,10.0,910.73,1.58,0,Yes,91.073,Potential Outlier,32.0
82883,151-NG-T30,FPQ-4537,SO-36005,DN-1823,Nigeria,PMO - US,From RDC,N/A - From RDC,Air Charter,2009-11-06,,2010-05-31,2010-05-18,2010-05-18,ARV,Adult,SCMS from RDC,"Lamivudine/Zidovudine 150/300mg, tablets, 60 Tabs",Lamivudine/Zidovudine,Generic,150/300mg,Tablet - FDC,60,1227,10748.52,8.76,0.15,Hetero Unit III Hyderabad IN,Yes,107.0,9736.1,23.17,-13,Yes,90.99158878504672,Potential Outlier,8.76
10831,104-CI-T01,Pre-PQ Process,SO-635,DN-170,Côte d'Ivoire,PMO - US,From RDC,N/A - From RDC,Unknown,,,2007-06-08,2007-06-08,2007-06-08,HRDT,HIV test,SCMS from RDC,"HIV 1/2, Determine Complete HIV Kit, 100 Tests","HIV 1/2, Determine Complete HIV Kit",Determine,Unknown,Test kit,100,50,4000.0,80.0,0.8,ABBVIE GmbH & Co.KG Wiesbaden,Yes,15.0,1363.0,,0,Yes,90.86666666666666,Potential Outlier,80.0
35539,102-SD-T30,FPQ-8261,SCMS-120453,ASN-13275,Sudan,PMO - US,Direct Drop,EXW,Air,2011-08-29,2011-09-14,2012-02-03,2012-02-03,2012-02-03,HRDT,HIV test,"Orgenics, Ltd","HIV 1/2, Determine Complete HIV Kit, 100 Tests","HIV 1/2, Determine Complete HIV Kit",Determine,Unknown,Test kit,100,20,1780.0,89.0,0.89,"Alere Medical Co., Ltd.",Yes,10.0,900.53,2.94,0,Yes,90.053,Potential Outlier,89.0
85316,110-ZM-T30,FPQ-9552,SO-41841,DN-2929,Zambia,PMO - US,From RDC,N/A - From RDC,Truck,2012-03-29,,2012-12-17,2012-12-17,2012-12-17,ARV,Adult,SCMS from RDC,"Lamivudine 150mg, tablets, 60 Tabs",Lamivudine,Generic,150mg,Tablet,60,876,1892.16,2.16,0.04,Hetero Unit III Hyderabad IN,Yes,44.0,3951.02,2.65,0,Yes,89.79590909090909,Potential Outlier,2.16
6369,106-HT-T01,Pre-PQ Process,SCMS-40030,ASN-3748,Haiti,PMO - US,Direct Drop,FCA,Air,,2009-03-06,2009-04-15,2009-04-15,2009-04-15,ARV,Adult,ABBVIE LOGISTICS (FORMERLY ABBOTT LOGISTICS BV),"Lopinavir/Ritonavir 200/50mg [Aluvia], tablets, 120 Tabs",Lopinavir/Ritonavir,Aluvia,200/50mg,Tablet,120,10,411.0,41.1,0.34,ABBVIE Ludwigshafen Germany,Yes,9.0,807.28,0.81,0,Yes,89.69777777777777,Potential Outlier,41.1
1048,106-HT-T01,Pre-PQ Process,SCMS-40030,ASN-3750,Haiti,PMO - US,Direct Drop,FCA,Air,,2009-03-06,2009-04-15,2009-04-15,2009-04-15,ARV,Pediatric,ABBVIE LOGISTICS (FORMERLY ABBOTT LOGISTICS BV),"Lopinavir/Ritonavir 100/25mg [Aluvia], tablets, 60 Tabs",Lopinavir/Ritonavir,Generic,100/25mg,Tablet,60,46,472.88,10.28,0.17,ABBVIE Ludwigshafen Germany,Yes,10.0,893.22,0.93,0,Yes,89.322,Potential Outlier,10.28
82272,154-NG-T30,FPQ-3815,SO-32260,DN-1452,Nigeria,PMO - US,From RDC,N/A - From RDC,Air Charter,2009-05-26,,2009-10-30,2009-10-20,2009-10-20,ARV,Adult,SCMS from RDC,"Nevirapine 200mg, tablets, 60 Tabs",Nevirapine,Generic,200mg,Tablet,60,318,922.2,2.9,0.05,"Aurobindo Unit III, India",Yes,105.0,9341.59,1.81,-10,Yes,88.96752380952381,Potential Outlier,2.9000000000000004
77309,102-SD-T30,FPQ-8261,SCMS-120443,ASN-12835,Sudan,PMO - US,Direct Drop,EXW,Air,2011-08-29,2011-09-14,2012-01-06,2012-01-06,2012-01-06,HRDT,HIV test,"Orgenics, Ltd","HIV 1/2, Determine Complete HIV Kit, 100 Tests","HIV 1/2, Determine Complete HIV Kit",Determine,Unknown,Test kit,100,22,1958.0,89.0,0.89,"Alere Medical Co., Ltd.",Yes,11.0,978.41,3.23,0,Yes,88.94636363636363,Potential Outlier,89.0
10664,104-CI-T01,Pre-PQ Process,SO-1278,DN-561,Côte d'Ivoire,PMO - US,From RDC,N/A - From RDC,Air,,,2008-01-17,2008-01-17,2008-01-17,HRDT,HIV test,SCMS from RDC,"HIV 2, New LAV Blot 2 HIV Kit, 18 Tests","HIV 2, New LAV Blot 2 HIV Kit",LAV,Unknown,Test kit,18,9,2773.53,308.17,17.12,Bio-Rad Laboratories,Yes,13.0,1148.0,4.44,0,Yes,88.3076923076923,Potential Outlier,308.17
11999,106-HT-T01,Pre-PQ Process,SO-32730,DN-1374,Haiti,PMO - US,From RDC,N/A - From RDC,Air,,,2009-07-31,2009-07-31,2009-07-31,ARV,Adult,SCMS from RDC,"Stavudine 15mg, capsules, 60 Caps",Stavudine,Generic,15mg,Capsule,60,108,162.0,1.5,0.02,"Aurobindo Unit III, India",Yes,78.0,6811.4,0.32,0,Yes,87.32564102564102,Potential Outlier,1.5
82446,101-CD-T30,FPQ-8840,SO-41380,DN-2522,"Congo, DRC",PMO - US,From RDC,N/A - From RDC,Air,2011-11-21,,2012-03-22,2012-03-22,2012-03-22,ARV,Adult,SCMS from RDC,"Lamivudine 150mg, tablets, 60 Tabs",Lamivudine,Generic,150mg,Tablet,60,6,13.98,2.33,0.04,Hetero Unit III Hyderabad IN,Yes,6.0,522.42,0.02,0,Yes,87.07,Potential Outlier,2.33
9255,108-VN-T01,Pre-PQ Process,SCMS-77,ASN-56,Vietnam,PMO - US,Direct Drop,EXW,Air,,,2006-10-03,2006-10-03,2006-10-03,ARV,Adult,Aurobindo Pharma Limited,"Abacavir 300mg, tablets, 60 Tabs",Abacavir,Generic,300mg,Tablet,60,1000,44500.0,44.5,0.74,"Aurobindo Unit III, India",Yes,91.0,7878.06,,0,Yes,86.57208791208792,Potential Outlier,44.5
15804,102-ML-T30,FPQ-11783,SCMS-182801,ASN-19657,Mali,PMO - US,Direct Drop,EXW,Air,2013-03-15,2013-04-11,2013-07-03,2013-07-03,2013-07-03,HRDT,HIV test,"Orgenics, Ltd","HIV 1/2, Clearview Complete Kit, 25 Tests","HIV 1/2, Clearview Complete Kit",Clearview,Unknown,Test kit,25,20,1900.0,95.0,3.8,Chembio Diagnostics Sys. Inc.,Yes,9.0,779.06,2.35,0,Yes,86.56222222222222,Potential Outlier,95.0
83108,101-CD-T30,FPQ-11096,SO-43750,DN-3017,"Congo, DRC",PMO - US,From RDC,N/A - From RDC,Air,2012-11-20,,2013-03-18,2013-08-08,2013-08-08,ARV,Pediatric,SCMS from RDC,"Nevirapine 10mg/ml, oral suspension w/syringe, Bottle, 240 ml",Nevirapine,Generic,10mg/ml,Oral suspension,240,738,1439.1,1.95,0.01,"Aurobindo Unit III, India",Yes,112.0,9687.69,1.78,143,No,86.49723214285714,Potential Outlier,1.95
83416,151-NG-T30,FPQ-4537,SO-34890,DN-1762,Nigeria,PMO - US,From RDC,N/A - From RDC,Air,2009-11-06,,2010-04-19,2010-03-31,2010-03-31,ARV,Adult,SCMS from RDC,"Nevirapine 200mg, tablets, 60 Tabs",Nevirapine,Generic,200mg,Tablet,60,15000,40950.0,2.73,0.05,"Aurobindo Unit III, India",Yes,1444.0,124350.84,88.29,-19,Yes,86.11554016620498,Potential Outlier,2.73
28923,114-UG-T30,FPQ-11141,SCMS-173470,ASN-19519,Uganda,PMO - US,Direct Drop,EXW,Air,2012-12-13,2013-02-04,2013-05-24,2013-05-24,2013-05-24,ARV,Adult,EMCURE PHARMACEUTICALS LTD,"Atazanavir 300mg, capsules, 30 Caps",Atazanavir,Generic,300mg,Capsule,30,132,2640.0,20.0,0.67,"Emcure Plot No.P-2, I.T-B.T. Park, Phase II, MIDC, Hinjwadi, Pune, India",Yes,12.0,1025.37,3.27,0,Yes,85.44749999999999,Potential Outlier,20.0
11624,151-NG-T01,Pre-PQ Process,SO-21784,DN-1132,Nigeria,PMO - US,From RDC,N/A - From RDC,Air,,,2009-03-24,2009-03-24,2009-03-24,ARV,Adult,SCMS from RDC,"Emtricitabine/Tenofovir Disoproxil Fumarate 200/300mg [Truvada], tablets, 30 Tabs",Emtricitabine/Tenofovir Disoproxil Fumarate,Truvada,300/200mg,Tablet - FDC,30,873,22916.25,26.25,0.88,"Aspen-OSD, Port Elizabeth, SA",Yes,76.0,6443.61,44.92,0,Yes,84.78434210526315,Potential Outlier,26.25
26171,107-RW-T30,FPQ-3859,SCMS-48831,ASN-5800,Rwanda,PMO - US,Direct Drop,CIP,Air,2009-06-30,2009-07-16,2010-01-27,2010-01-27,2010-01-27,ARV,Adult,Aurobindo Pharma Limited,"Tenofovir Disoproxil Fumarate 300mg, tablets, 30 Tabs",Tenofovir Disoproxil Fumarate,Generic,300mg,Tablet,30,276,2362.56,8.56,0.29,"Aurobindo Unit III, India",Yes,26.0,2187.01,4.63,0,Yes,84.11576923076925,Potential Outlier,8.56
82403,151-NG-T30,FPQ-7812,SO-39994,DN-2353,Nigeria,PMO - US,From RDC,N/A - From RDC,Air Charter,2011-06-06,,2011-11-03,2011-09-28,2011-09-28,ARV,Adult,SCMS from RDC,"Lamivudine 150mg, tablets, 60 Tabs",Lamivudine,Generic,150mg,Tablet,60,4300,10019.0,2.33,0.04,"Aurobindo Unit III, India",Yes,220.0,18495.9,16.53,-36,Yes,84.07227272727273,Potential Outlier,2.33
22778,161-ZA-T30,FPQ-6262,SCMS-83820,ASN-9175,South Africa,PMO - US,Direct Drop,DDP,Ocean,2010-08-31,2010-09-24,2011-01-11,2011-01-11,2011-01-11,ARV,Adult,Aurobindo Pharma Limited,"Zidovudine 300mg, tablets, 60 Tabs",Zidovudine,Generic,300mg,Tablet,60,1033,7571.89,7.33,0.12,"Aurobindo Unit III, India",Yes,52.0,4295.61,16.32,0,Yes,82.6078846153846,Potential Outlier,7.33
11897,119-NA-T01,Pre-PQ Process,SO-1929,DN-650,Namibia,PMO - US,From RDC,N/A - From RDC,Air,,,2008-04-17,2008-04-17,2008-04-17,HRDT,HIV test,SCMS from RDC,"HIV 1/2, Determine HIV Kit, without Lancets, 100 Tests","HIV 1/2, Determine HIV Kit, without Lancets",Determine,Unknown,Test kit,100,90,6479.1,71.99,0.72,Inverness Japan,Yes,21.0,1730.41,10.37,0,Yes,82.4004761904762,Potential Outlier,71.99000000000001
12892,123-NG-T01,Pre-PQ Process,SO-24480,DN-1276,Nigeria,PMO - US,From RDC,N/A - From RDC,Air Charter,,,2009-06-16,2009-06-16,2009-06-16,ARV,Adult,SCMS from RDC,"Indinavir 400mg [Crixivan], capsules, 180 Caps",Indinavir,Crixivan,400mg,Capsule,180,400,20000.0,50.0,0.28,"MSD, Haarlem, NL",Yes,89.0,7329.83,39.2,0,Yes,82.35764044943821,Potential Outlier,50.0
14431,107-RW-T30,FPQ-8399,SCMS-126230,ASN-15270,Rwanda,PMO - US,Direct Drop,FCA,Air,2011-10-19,2011-11-02,2012-07-05,2012-07-05,2012-07-05,ARV,Adult,Hoffmann-La Roche ltd Basel,"Nelfinavir (as mesilate) 250mg [Viracept], tablets, 270 Tabs",Nelfinavir (as mesilate),Viracept,250mg,Tablet,270,109,17410.04,159.73,0.59,Roche Madrid,Yes,27.0,2205.25,28.73,0,Yes,81.67592592592592,Potential Outlier,159.7251376146789
66946,101-CD-T30,FPQ-13555,SCMS-234230,ASN-26408,"Congo, DRC",PMO - US,Direct Drop,EXW,Air,2014-03-19,2014-05-05,2014-08-26,2014-08-26,2014-09-16,ARV,Adult,Aurobindo Pharma Limited,"Didanosine 250mg, delayed-release capsules, 30 Caps",Didanosine,Generic,250mg,Delayed-release capsules,30,100,758.0,7.58,0.25,"Aurobindo Unit III, India",Yes,9.0,734.66,0.78,0,Yes,81.62888888888888,Potential Outlier,7.58
44105,106-HT-T30,FPQ-15038,SCMS-262890,ASN-32676,Haiti,PMO - US,Direct Drop,FCA,Air,2014-10-22,2015-01-30,2015-07-07,2015-07-07,2015-07-07,ARV,Adult,ABBVIE LOGISTICS (FORMERLY ABBOTT LOGISTICS BV),"Ritonavir 100mg [Norvir], film coated tablets, 60 Tabs",Ritonavir,Norvir,100mg,Tablet,60,350,2397.5,6.85,0.11,ABBVIE Ludwigshafen Germany,Yes,51.0,4126.9,2.46,0,Yes,80.91960784313724,Potential Outlier,6.85
82865,114-UG-T30,FPQ-5014,SO-35880,DN-1678,Uganda,PMO - US,From RDC,N/A - From RDC,Air,2010-01-29,,2010-04-01,2010-03-15,2010-03-15,ARV,Adult,SCMS from RDC,"Lamivudine/Stavudine 150/30mg, tablets, 60 Tabs",Lamivudine/Stavudine,Generic,150/30mg,Tablet - FDC,60,120,408.0,3.4,0.06,"Strides, Bangalore, India.",Yes,6.0,484.56,0.88,-17,Yes,80.76,Potential Outlier,3.4
82953,151-NG-T30,FPQ-7217,SO-39650,DN-2221,Nigeria,PMO - US,From RDC,N/A - From RDC,Air Charter,2011-02-21,,2011-06-15,2011-07-06,2011-07-06,ARV,Pediatric,SCMS from RDC,"Efavirenz 200mg, capsule, 90 Caps",Efavirenz,Generic,200mg,Capsule,90,1220,11821.8,9.69,0.11,"Aurobindo Unit III, India",Yes,169.0,13398.06,19.51,21,No,79.27846153846154,Potential Outlier,9.69
20878,108-VN-T30,FPQ-6384,SCMS-87700,ASN-9709,Vietnam,PMO - US,Direct Drop,FCA,Air,2010-09-30,2010-10-14,2011-02-24,2011-02-24,2011-02-24,ARV,Adult,ABBVIE LOGISTICS (FORMERLY ABBOTT LOGISTICS BV),"Ritonavir 100mg [Norvir], capsules, cool, 4 x 84 Caps",Ritonavir,Norvir,100mg,Capsule,336,12,2478.12,206.51,0.61,ABBVIE (Abbott) Logis. UK,Yes,51.0,4042.47,5.34,0,Yes,79.26411764705882,Potential Outlier,206.51
84918,105-GY-T30,FPQ-13071,SO-46801,DN-3639,Guyana,PMO - US,From RDC,N/A - From RDC,Air,2013-10-09,,2014-05-05,2014-04-25,2014-05-13,ARV,Pediatric,SCMS from RDC,"Abacavir 20mg/ml, oral solution w/syringe, Bottle, 240 ml",Abacavir,Generic,20mg/ml,Oral solution,240,30,251.4,8.38,0.03,"Aurobindo Unit III, India",Yes,11.0,871.8,0.26,-10,Yes,79.25454545454545,Potential Outlier,8.38
84090,151-NG-T30,FPQ-7217,SO-39590,DN-2214,Nigeria,PMO - US,From RDC,N/A - From RDC,Air Charter,2011-02-21,,2011-06-15,2011-07-06,2011-07-06,ARV,Adult,SCMS from RDC,"Lamivudine 150mg, tablets, 60 Tabs",Lamivudine,Generic,150mg,Tablet,60,3173,7393.09,2.33,0.04,"Aurobindo Unit III, India",Yes,170.0,13398.06,12.2,21,No,78.81211764705883,Potential Outlier,2.33
36166,900-SS-T30,FPQ-11260,SCMS-173100,ASN-18312,South Sudan,PMO - US,Direct Drop,EXW,Air,2012-12-17,2013-01-11,2013-03-22,2013-03-22,2013-03-22,HRDT,HIV test,"Trinity Biotech, Plc","HIV 1/2, Uni-Gold HIV Kit, 20 Tests","HIV 1/2, Uni-Gold HIV Kit",Uni-Gold,Unknown,Test kit,20,44,1408.0,32.0,1.6,"Trinity Biotech, Plc",Yes,14.0,1101.91,1.74,0,Yes,78.70785714285715,Potential Outlier,32.0
9269,105-GY-T01,Pre-PQ Process,SCMS-123,ASN-78,Guyana,PMO - US,Direct Drop,EXW,Air,,,2006-11-08,2006-11-08,2006-11-08,ARV,Adult,Aurobindo Pharma Limited,"Zidovudine 300mg, tablets, 60 Tabs",Zidovudine,Generic,300mg,Tablet,60,245,2707.25,11.05,0.18,"Aurobindo Unit III, India",Yes,13.0,1020.6,,0,Yes,78.50769230769231,Potential Outlier,11.05
77181,114-UG-T30,FPQ-11153,SCMS-171920,ASN-18279,Uganda,PMO - US,Direct Drop,EXW,Air,2012-12-13,2013-01-11,2013-03-05,2013-03-05,2013-03-05,ARV,Pediatric,Aurobindo Pharma Limited,"Efavirenz 50mg, capsule, 30 Caps",Efavirenz,Generic,50mg,Capsule,30,196,439.04,2.24,0.07,"Aurobindo Unit III, India",Yes,12.0,917.35,0.54,0,Yes,76.44583333333334,Potential Outlier,2.24
82387,151-NG-T30,FPQ-7217,SO-39850,DN-2245,Nigeria,PMO - US,From RDC,N/A - From RDC,Air Charter,2011-02-21,,2011-06-15,2011-07-06,2011-07-06,ARV,Pediatric,SCMS from RDC,"Efavirenz 200mg, capsule, 90 Caps",Efavirenz,Generic,200mg,Capsule,90,1280,12403.2,9.69,0.11,"Aurobindo Unit III, India",Yes,177.0,13398.06,20.47,21,No,75.69525423728814,Potential Outlier,9.69
33263,106-HT-T30,FPQ-9621,SCMS-147160,ASN-16866,Haiti,PMO - US,Direct Drop,FCA,Air,2012-04-20,2012-08-03,2012-11-08,2012-11-08,2012-11-08,ARV,Pediatric,LAWRENCE LABORATORIES (SUBSIDIARY OF BRISTOL MYERS SQUIBB),"Didanosine 2g [Videx], powder for oral solution 10mg/ml, reconstitute to 200 ml",Didanosine,Videx,2g,Powder for oral solution,200,98,1233.82,12.59,0.06,Bristol-Myers Squibb Anagni IT,Yes,22.0,1662.72,1.73,0,Yes,75.57818181818182,Potential Outlier,12.59
84867,151-NG-T30,FPQ-13091,SO-46780,DN-3374,Nigeria,PMO - US,From RDC,N/A - From RDC,Air Charter,2013-10-10,,2013-11-07,2013-10-21,2013-10-29,ARV,Adult,SCMS from RDC,"Zidovudine 300mg, tablets, 60 Tabs",Zidovudine,Generic,300mg,Tablet,60,4068,25425.0,6.25,0.1,"Aurobindo Unit III, India",Yes,268.0,20225.07,26.14,-17,Yes,75.4666791044776,Potential Outlier,6.25
8713,102-BW-T01,Pre-PQ Process,SCMS-31360,ASN-2737,Botswana,PMO - US,Direct Drop,EXW,Air,,2008-10-02,2008-11-20,2008-11-20,2008-11-20,HRDT,HIV test - Ancillary,Orasure Technologies Inc.,"#109435**HIV, OraQuick Controls Kit, 3 Vials","HIV, OraQuick Controls Kit, 3 Vials",OraQuick,Unknown,Test kit - Ancillary,3,10,152.5,15.25,5.08,"Orasure Technologies, Inc USA",Yes,7.0,526.05,0.3,0,Yes,75.14999999999999,Potential Outlier,15.25
24990,119-NA-T30,FPQ-4267,SCMS-54590,ASN-5308,Namibia,PMO - US,Direct Drop,EXW,Air,2009-09-15,2009-10-06,2009-11-11,2009-11-11,2009-11-11,HRDT,HIV test,"Trinity Biotech, Plc","HIV 1/2, Uni-Gold HIV Kit, 20 Tests","HIV 1/2, Uni-Gold HIV Kit",Uni-Gold,Unknown,Test kit,20,25,0.25,0.01,0.0,"Trinity Biotech, Plc",Yes,10.0,751.43,0.0,0,Yes,75.143,Potential Outlier,0.01
17228,108-VN-T30,FPQ-4265,SCMS-56300,ASN-6250,Vietnam,PMO - US,Direct Drop,EXW,Air,2009-10-20,2009-11-03,2010-03-20,2010-03-20,2010-03-20,ARV,Adult,MYLAN LABORATORIES LTD (FORMERLY MATRIX LABORATORIES),"Zidovudine 300mg, tablets, 60 Tabs",Zidovudine,Generic,300mg,Tablet,60,336,2520.0,7.5,0.12,Mylan (formerly Matrix) Nashik,Yes,120.0,9013.85,4.94,0,Yes,75.11541666666668,Potential Outlier,7.5
12236,112-NG-T01,Pre-PQ Process,SO-11031,DN-901,Nigeria,PMO - US,From RDC,N/A - From RDC,Air,,,2008-09-10,2008-09-10,2008-09-10,ARV,Adult,SCMS from RDC,"Tenofovir Disoproxil Fumarate 300mg, tablets, 30 Tabs",Tenofovir Disoproxil Fumarate,Generic,300mg,Tablet,30,196,2677.36,13.66,0.46,Mylan (formerly Matrix) Nashik,Yes,12.0,900.0,4.28,0,Yes,75.0,Potential Outlier,13.66
83970,114-UG-T30,FPQ-4497,SO-34810,DN-1595,Uganda,PMO - US,From RDC,N/A - From RDC,Air,2009-10-28,,2010-02-03,2009-12-23,2009-12-23,ARV,Adult,SCMS from RDC,"Stavudine 30mg, capsules, 60 Caps",Stavudine,Generic,30mg,Capsule,60,100,146.0,1.46,0.02,"Aurobindo Unit III, India",Yes,7.0,523.64,0.31,-42,Yes,74.80571428571429,Potential Outlier,1.46
84802,103-ZW-T30,FPQ-11478,SO-44300,DN-3093,Zimbabwe,PMO - US,From RDC,N/A - From RDC,Truck,2013-01-16,,2013-05-31,2013-04-08,2013-04-08,ARV,Pediatric,SCMS from RDC,"Abacavir 20mg/ml, oral solution w/syringe, Bottle, 240 ml",Abacavir,Generic,20mg/ml,Oral solution,240,442,5339.36,12.08,0.05,"Aurobindo Unit III, India",Yes,118.0,8600.0,6.6,-53,Yes,72.88135593220339,Potential Outlier,12.08
83376,104-CI-T30,FPQ-3964,SO-33070,DN-1511,Côte d'Ivoire,PMO - US,From RDC,N/A - From RDC,Air,2009-07-24,,2009-12-10,2009-11-05,2009-11-05,ARV,Adult,SCMS from RDC,"Lamivudine/Stavudine 150/30mg, tablets, 60 Tabs",Lamivudine/Stavudine,Generic,150/30mg,Tablet - FDC,60,940,3290.0,3.5,0.06,Mylan (formerly Matrix) Nashik,Yes,69.0,5028.05,6.45,-35,Yes,72.87028985507247,Potential Outlier,3.5
12569,114-UG-T01,Pre-PQ Process,SO-26180,DN-1197,Uganda,PMO - US,From RDC,N/A - From RDC,Air,,,2009-04-24,2009-04-24,2009-04-24,ARV,Adult,SCMS from RDC,"Lopinavir/Ritonavir 200/50mg [Aluvia], tablets, 120 Tabs",Lopinavir/Ritonavir,Aluvia,200/50mg,Tablet,120,80,3288.0,41.1,0.34,ABBVIE Ludwigshafen Germany,Yes,19.0,1381.64,6.44,0,Yes,72.71789473684211,Potential Outlier,41.1
11542,106-HT-T01,Pre-PQ Process,SO-2601,DN-788,Haiti,PMO - US,From RDC,N/A - From RDC,Air,,,2008-07-01,2008-07-01,2008-07-01,ARV,Pediatric,SCMS from RDC,"Efavirenz 200mg, capsule, 90 Caps",Efavirenz,Generic,200mg,Capsule,90,105,1680.0,16.0,0.18,"Aurobindo Unit III, India",Yes,14.0,1015.24,2.69,0,Yes,72.51714285714286,Potential Outlier,16.0
84353,151-NG-T30,FPQ-13293,SO-47281,DN-3622,Nigeria,PMO - US,From RDC,N/A - From RDC,Air Charter,2013-11-19,,2014-05-06,2014-04-17,2014-05-02,ARV,Pediatric,SCMS from RDC,"Lamivudine/Zidovudine 30/60mg, tablets, 60 Tabs",Lamivudine/Zidovudine,Generic,30/60mg,Tablet - FDC,60,10819,23260.85,2.15,0.04,Mylan (formerly Matrix) Nashik,Yes,411.0,29674.91,23.91,-19,Yes,72.20172749391728,Potential Outlier,2.15
59973,119-NA-T30,FPQ-4856,SCMS-62721,ASN-6953,Namibia,PMO - US,Direct Drop,EXW,Air,2010-01-07,2010-01-08,2010-06-15,2010-06-15,2010-06-15,HRDT,HIV test,"Orgenics, Ltd","HIV 1/2, Determine HIV Kit, without Lancets, 100 Tests","HIV 1/2, Determine HIV Kit, without Lancets",Determine,Unknown,Test kit,100,170,11900.0,70.0,0.7,Inverness Japan,Yes,40.0,2883.51,25.66,0,Yes,72.08775,Potential Outlier,70.0
82730,103-SS-T30,FPQ-13173,SO-47101,DN-3928,South Sudan,PMO - US,From RDC,N/A - From RDC,Air,2013-10-28,,2014-09-30,2014-10-15,2014-10-22,ARV,Pediatric,SCMS from RDC,"Lamivudine/Zidovudine 30/60mg, dispersible tablets, 60 Tabs",Lamivudine/Zidovudine,Generic,30/60mg,Chewable/dispersible tablet - FDC,60,132,262.68,1.99,0.03,"Cipla, Goa, India",Yes,23.0,1651.0,0.27,15,No,71.78260869565217,Potential Outlier,1.99
77901,133-NG-T30,FPQ-10765,SCMS-162440,ASN-18172,Nigeria,PMO - US,Direct Drop,EXW,Air,2012-10-05,2012-10-16,2013-01-09,2013-02-21,2013-02-21,HRDT,HIV test,"Orgenics, Ltd","HIV 1/2, Determine Complete HIV Kit, 100 Tests","HIV 1/2, Determine Complete HIV Kit",Determine,Unknown,Test kit,100,2744,244216.0,89.0,0.89,"Alere Medical Co., Ltd.",Yes,1235.0,88176.17,342.39,43,No,71.39770850202429,Potential Outlier,89.0
76813,106-HT-T30,FPQ-4337,SCMS-56140,ASN-5572,Haiti,PMO - US,Direct Drop,FCA,Air,2009-10-13,2009-11-06,2009-12-21,2009-12-21,2009-12-21,ARV,Pediatric,ABBVIE LOGISTICS (FORMERLY ABBOTT LOGISTICS BV),"Lopinavir/Ritonavir 100/25mg [Aluvia], tablets, 60 Tabs",Lopinavir/Ritonavir,Generic,100/25mg,Tablet,60,45,406.8,9.04,0.15,ABBVIE Ludwigshafen Germany,Yes,13.0,928.11,0.8,0,Yes,71.39307692307692,Potential Outlier,9.04
71009,901-LR-T30,FPQ-8135,SCMS-118690,ASN-12572,Liberia,PMO - US,Direct Drop,EXW,Air,2011-08-04,2011-08-18,2011-10-31,2011-10-31,2011-10-31,HRDT,HIV test,"Trinity Biotech, Plc","HIV 1/2, Uni-Gold HIV Kit, 20 Tests","HIV 1/2, Uni-Gold HIV Kit",Uni-Gold,Unknown,Test kit,20,20,640.0,32.0,1.6,"Trinity Biotech, Plc",Yes,7.0,498.72,1.06,0,Yes,71.24571428571429,Potential Outlier,32.0
74329,103-CM-T30,FPQ-8396,SCMS-122260,ASN-12662,Cameroon,PMO - US,Direct Drop,EXW,Air,2011-09-13,2011-09-15,2011-11-18,2011-11-18,2011-11-18,HRDT,HIV test,"Orgenics, Ltd","HIV 1/2, Determine Kit without Lancets, Buffer or Caplillary Tubes, 100 Tests","HIV 1/2, Determine Kit without Lancets, Buffer or Capillary Tubes, 100 Tests",Determine,Unknown,Test kit,100,100,7215.0,72.15,0.72,Inverness Japan,Yes,18.0,1278.12,11.9,0,Yes,71.00666666666666,Potential Outlier,72.15
22268,101-CD-T30,FPQ-13555,SCMS-234290,ASN-26632,"Congo, DRC",PMO - US,Direct Drop,EXW,Air,2014-03-19,2014-05-05,2014-08-22,2014-08-22,2014-08-22,ARV,Pediatric,CIPLA LIMITED,"Lamivudine/Zidovudine 30/60mg, tablets, 60 Tabs",Lamivudine/Zidovudine,Generic,30/60mg,Tablet - FDC,60,150,322.5,2.15,0.04,"Cipla, Goa, India",Yes,25.0,1765.03,0.33,0,Yes,70.6012,Potential Outlier,2.15
83210,103-ZW-T30,FPQ-12086,SO-45123,DN-3549,Zimbabwe,PMO - US,From RDC,N/A - From RDC,Truck,2013-04-19,,2014-03-31,2014-02-11,2014-03-04,ARV,Pediatric,SCMS from RDC,"Efavirenz 200mg, scored tablets, 90 Tabs",Efavirenz,Generic,200mg,Tablet,90,266,2473.8,9.3,0.1,"Strides, Bangalore, India.",Yes,17.0,1200.0,3.06,-48,Yes,70.58823529411765,Potential Outlier,9.3
11016,112-NG-T01,Pre-PQ Process,SO-20950,DN-1059,Nigeria,PMO - US,From RDC,N/A - From RDC,Air,,,2009-01-19,2009-01-19,2009-01-19,ARV,Adult,SCMS from RDC,"Emtricitabine/Tenofovir Disoproxil Fumarate 200/300mg [Truvada], tablets, 30 Tabs",Emtricitabine/Tenofovir Disoproxil Fumarate,Truvada,300/200mg,Tablet - FDC,30,139,3648.75,26.25,0.88,"Aspen-OSD, Port Elizabeth, SA",Yes,192.0,13538.35,7.15,0,Yes,70.51223958333334,Potential Outlier,26.25
82435,101-CD-T30,FPQ-8840,SO-41135,DN-2497,"Congo, DRC",PMO - US,From RDC,N/A - From RDC,Air,2011-11-21,,2012-03-16,2012-02-14,2012-02-14,ARV,Adult,SCMS from RDC,"Lamivudine/Nevirapine/Zidovudine 150/200/300mg, tablets, 60 Tabs",Lamivudine/Nevirapine/Zidovudine,Generic,150/300/200mg,Tablet - FDC,60,28,308.0,11.0,0.18,Mylan (formerly Matrix) Nashik,Yes,13.0,912.36,0.43,-31,Yes,70.18153846153847,Potential Outlier,11.0
1179,108-VN-T01,Pre-PQ Process,SCMS-44990,ASN-4302,Vietnam,PMO - US,Direct Drop,FCA,Air,,2009-04-29,2009-07-17,2009-07-17,2009-07-17,ARV,Adult,ABBVIE LOGISTICS (FORMERLY ABBOTT LOGISTICS BV),"Ritonavir 100mg [Norvir], capsules, cool, 4 x 84 Caps",Ritonavir,Norvir,100mg,Capsule,336,8,613.76,76.72,0.23,ABBVIE (Abbott) France,Yes,48.0,3366.04,1.2,0,Yes,70.12583333333333,Potential Outlier,76.72
77782,144-BW-T30,FPQ-4167,SCMS-54180,ASN-7168,Botswana,PMO - US,Direct Drop,EXW,Air,2009-09-09,2009-09-30,2010-06-30,2010-06-30,2010-06-30,HRDT,HIV test - Ancillary,Orasure Technologies Inc.,"#109435**HIV, OraQuick Controls Kit, 3 Vials","HIV, OraQuick Controls Kit, 3 Vials",OraQuick,Unknown,Test kit - Ancillary,3,10,250.0,25.0,8.33,"Orasure Technologies, Inc USA",Yes,6.0,418.94,0.49,0,Yes,69.82333333333334,Potential Outlier,25.0
32959,144-BW-T30,FPQ-4167,SCMS-54200,ASN-7797,Botswana,PMO - US,Direct Drop,EXW,Air,2009-09-09,2009-09-30,2010-08-31,2010-08-31,2010-08-31,HRDT,HIV test - Ancillary,Orasure Technologies Inc.,"#109435**HIV, OraQuick Controls Kit, 3 Vials","HIV, OraQuick Controls Kit, 3 Vials",OraQuick,Unknown,Test kit - Ancillary,3,10,250.0,25.0,8.33,"Orasure Technologies, Inc USA",Yes,6.0,418.94,0.49,0,Yes,69.82333333333334,Potential Outlier,25.0
54304,111-MZ-T30,FPQ-10606,SCMS-162150,ASN-16937,Mozambique,PMO - US,Direct Drop,EXW,Air,2012-09-12,2012-10-10,2012-12-24,2012-12-24,2012-12-24,HRDT,HIV test,"Trinity Biotech, Plc","HIV 1/2, Uni-Gold HIV Kit, 20 Tests","HIV 1/2, Uni-Gold HIV Kit",Uni-Gold,Unknown,Test kit,20,23,736.0,32.0,1.6,"Trinity Biotech, Plc",Yes,8.0,558.46,1.03,0,Yes,69.8075,Potential Outlier,32.0
83727,151-NG-T30,FPQ-11864,SO-44926,DN-3365,Nigeria,PMO - US,From RDC,N/A - From RDC,Air Charter,2013-03-14,,2013-10-31,2013-10-14,2013-10-24,ARV,Pediatric,SCMS from RDC,"Abacavir/Lamivudine 60/30mg, tablets, 30 Tabs",Abacavir/Lamivudine,Generic,60/30mg,Tablet - FDC,30,6000,24000.0,4.0,0.13,Mylan (formerly Matrix) Nashik,Yes,290.0,20225.07,29.69,-17,Yes,69.74162068965518,Potential Outlier,4.0
86452,106-HT-T30,FPQ-7653,SO-39740,DN-2534,Haiti,PMO - US,From RDC,N/A - From RDC,Air,2011-05-11,,2012-03-15,2012-03-12,2012-03-12,ARV,Adult,SCMS from RDC,"Stavudine 20mg, capsules, 60 Caps",Stavudine,Generic,20mg,Capsule,60,270,372.6,1.38,0.02,"Aurobindo Unit III, India",Yes,16.0,1109.0,0.61,-3,Yes,69.3125,Potential Outlier,1.38
1246,104-CI-T01,Pre-PQ Process,SCMS-5,ASN-7,Côte d'Ivoire,PMO - US,Direct Drop,EXW,Air,,,2006-07-14,2006-07-14,2006-07-14,HRDT,HIV test,Orasure Technologies Inc.,"HIV 1/2, OraQuick Advance HIV Rapid Antibody Kit, 100 Tests","HIV 1/2, OraQuick Advance HIV Rapid Antibody Kit",OraQuick,Unknown,Test kit,100,6,2400.0,400.0,4.0,"Pacific Biotech, Thailand",Yes,15.0,1039.5,,0,Yes,69.3,Potential Outlier,400.0
55376,108-VN-T30,FPQ-6384,SCMS-87710,ASN-9710,Vietnam,PMO - US,Direct Drop,FCA,Air,2010-09-30,2010-10-14,2011-02-25,2011-02-25,2011-02-25,ARV,Adult,ABBVIE LOGISTICS (FORMERLY ABBOTT LOGISTICS BV),"Ritonavir 100mg [Norvir], capsules, cool, 4 x 84 Caps",Ritonavir,Norvir,100mg,Capsule,336,18,3717.18,206.51,0.61,ABBVIE (Abbott) Logis. UK,Yes,55.0,3785.84,8.01,0,Yes,68.83345454545454,Potential Outlier,206.51
72281,119-NA-T30,FPQ-3983,SCMS-50160,ASN-4754,Namibia,PMO - US,Direct Drop,EXW,Air,2009-07-17,2009-07-25,2009-08-25,2009-08-25,2009-08-25,HRDT,HIV test,"Orgenics, Ltd","HIV 1/2, Determine HIV Kit, without Lancets, 100 Tests","HIV 1/2, Determine HIV Kit, without Lancets",Determine,Unknown,Test kit,100,150,10500.0,70.0,0.7,Inverness Japan,Yes,37.0,2541.8,20.58,0,Yes,68.6972972972973,Potential Outlier,70.0
82880,151-NG-T30,FPQ-4537,SO-35110,DN-1777,Nigeria,PMO - US,From RDC,N/A - From RDC,Air Charter,2009-11-06,,2010-03-31,2010-05-18,2010-05-18,ARV,Adult,SCMS from RDC,"Lamivudine/Zidovudine+Efavirenz 150/300mg+600mg, tablets, co-blister 60+30 Tabs",Lamivudine/Zidovudine+Efavirenz,Generic,150/300mg+600mg,Tablet - FDC + co-blister,90,854,23485.0,27.5,0.31,"Aurobindo Unit III, India",Yes,142.0,9736.1,50.63,48,No,68.56408450704225,Potential Outlier,27.5
43229,104-CI-T30,FPQ-6252,SCMS-85420,ASN-8571,Côte d'Ivoire,PMO - US,Direct Drop,EXW,Air,2010-08-26,2010-09-16,2010-11-24,2010-11-24,2010-11-24,HRDT,HIV test,"CHEMBIO DIAGNOSTIC SYSTEMS, INC.","HIV 1/2, Stat-Pak HIV, Kit, 20 Tests","HIV 1/2, Stat-Pak HIV, Kit",Stat-Pak,Unknown,Test kit,20,220,5940.0,27.0,1.35,Chembio Diagnostics Sys. Inc.,Yes,115.0,7883.32,12.81,0,Yes,68.55060869565217,Potential Outlier,27.0
84737,104-CI-T30,FPQ-8790,SO-41202,DN-2752,Côte d'Ivoire,PMO - US,From RDC,N/A - From RDC,Air,2011-11-11,,2012-07-31,2012-07-31,2012-07-31,ARV,Adult,SCMS from RDC,"Lamivudine/Zidovudine 150/300mg, tablets, 60 Tabs",Lamivudine/Zidovudine,Generic,150/300mg,Tablet - FDC,60,336,2614.08,7.78,0.13,Mylan (formerly Matrix) Nashik,Yes,27.0,1845.31,3.66,0,Yes,68.34481481481481,Potential Outlier,7.779999999999999
64218,119-NA-T30,FPQ-4186,SCMS-53271,ASN-5363,Namibia,PMO - US,Direct Drop,EXW,Air,2009-09-03,2009-09-11,2009-11-12,2009-11-12,2009-11-12,HRDT,HIV test,"Orgenics, Ltd","HIV 1/2, Determine HIV Kit, without Lancets, 100 Tests","HIV 1/2, Determine HIV Kit, without Lancets",Determine,Unknown,Test kit,100,180,12600.0,70.0,0.7,Inverness Japan,Yes,42.0,2863.47,24.7,0,Yes,68.17785714285714,Potential Outlier,70.0
84147,114-UG-T30,FPQ-8520,SO-40910,DN-2546,Uganda,PMO - US,From RDC,N/A - From RDC,Truck,2011-10-05,,2012-03-09,2012-02-15,2012-02-15,ARV,Adult,SCMS from RDC,"Nevirapine 200mg, tablets, 60 Tabs",Nevirapine,Generic,200mg,Tablet,60,534,1377.72,2.58,0.04,"Strides, Bangalore, India.",Yes,30.0,2030.0,2.27,-23,Yes,67.66666666666667,Potential Outlier,2.58
84412,110-ZM-T30,FPQ-13692,SO-47993,DN-3942,Zambia,PMO - US,From RDC,N/A - From RDC,Truck,2014-02-06,,2014-10-31,2014-10-10,2014-10-29,ARV,Adult,SCMS from RDC,"Zidovudine 300mg, tablets, 60 Tabs",Zidovudine,Generic,300mg,Tablet,60,1240,6919.2,5.58,0.09,"Aurobindo Unit III, India",Yes,73.0,4937.65,7.11,-21,Yes,67.6390410958904,Potential Outlier,5.58
8909,144-BW-T01,Pre-PQ Process,SCMS-38050,ASN-3424,Botswana,PMO - US,Direct Drop,EXW,Air,,2009-02-06,2009-03-03,2009-03-03,2009-03-03,HRDT,HIV test,Orasure Technologies Inc.,"HIV 1/2, OraQuick Advance HIV Rapid Antibody Kit, 100 Tests","HIV 1/2, OraQuick Advance HIV Rapid Antibody Kit",OraQuick,Unknown,Test kit,100,5,1750.0,350.0,3.5,"Pacific Biotech, Thailand",Yes,12.0,810.85,3.43,0,Yes,67.57083333333334,Potential Outlier,350.0
78805,108-VN-T30,FPQ-6818,SCMS-98052,ASN-11312,Vietnam,PMO - US,Direct Drop,EXW,Air,2011-01-17,2011-02-15,2011-07-27,2011-07-27,2011-07-27,ARV,Adult,MYLAN LABORATORIES LTD (FORMERLY MATRIX LABORATORIES),"Tenofovir Disoproxil Fumarate 300mg, tablets, 30 Tabs",Tenofovir Disoproxil Fumarate,Generic,300mg,Tablet,30,1612,10478.0,6.5,0.22,Mylan (formerly Matrix) Nashik,Yes,111.0,7457.19,17.29,0,Yes,67.1818918918919,Potential Outlier,6.5
43486,108-VN-T30,FPQ-14516,SCMS-249031,ASN-29589,Vietnam,PMO - US,Direct Drop,FCA,Air,2014-07-09,2014-08-11,2015-01-15,2015-01-15,2015-02-24,ARV,Adult,ABBVIE LOGISTICS (FORMERLY ABBOTT LOGISTICS BV),"Ritonavir 100mg [Norvir], film coated tablets, 30 Tabs",Ritonavir,Norvir,100mg,Tablet,30,200,4652.0,23.26,0.78,ABBVIE Ludwigshafen Germany,Yes,22.0,1475.95,4.78,0,Yes,67.08863636363637,Potential Outlier,23.26
46355,106-HT-T30,FPQ-14083,SCMS-240200,ASN-27005,Haiti,PMO - US,Direct Drop,EXW,Air,2014-05-11,2014-06-02,2014-08-25,2014-08-25,2014-08-28,ARV,Adult,MYLAN LABORATORIES LTD (FORMERLY MATRIX LABORATORIES),"Tenofovir Disoproxil Fumarate 300mg, tablets, 30 Tabs",Tenofovir Disoproxil Fumarate,Generic,300mg,Tablet,30,58,232.0,4.0,0.13,Mylan (formerly Matrix) Nashik,Yes,19.0,1274.35,0.24,0,Yes,67.07105263157894,Potential Outlier,4.0
65601,144-BW-T30,FPQ-4167,SCMS-54130,ASN-6032,Botswana,PMO - US,Direct Drop,EXW,Air,2009-09-09,2009-09-30,2010-03-01,2010-03-01,2010-03-01,HRDT,HIV test - Ancillary,Orasure Technologies Inc.,"#109435**HIV, OraQuick Controls Kit, 3 Vials","HIV, OraQuick Controls Kit, 3 Vials",OraQuick,Unknown,Test kit - Ancillary,3,10,250.0,25.0,8.33,"Orasure Technologies, Inc USA",Yes,6.0,402.42,0.49,0,Yes,67.07000000000001,Potential Outlier,25.0
86023,151-NG-T30,FPQ-12801,SO-47220,DN-3435,Nigeria,PMO - US,From RDC,N/A - From RDC,Air Charter,2013-08-06,,2014-01-31,2013-11-26,2013-12-05,ARV,Pediatric,SCMS from RDC,"Lamivudine/Zidovudine 30/60mg, tablets, 60 Tabs",Lamivudine/Zidovudine,Generic,30/60mg,Tablet - FDC,60,6398,14459.48,2.26,0.04,"Aurobindo Unit III, India",Yes,394.0,26340.0,17.89,-66,Yes,66.8527918781726,Potential Outlier,2.26
59873,108-VN-T30,FPQ-7469,SCMS-106481,ASN-12360,Vietnam,PMO - US,Direct Drop,FCA,Air,2011-03-31,2011-04-21,2011-10-19,2011-10-19,2011-10-19,ARV,Adult,ABBVIE LOGISTICS (FORMERLY ABBOTT LOGISTICS BV),"Ritonavir 100mg [Norvir], film coated tablets, 30 Tabs",Ritonavir,Norvir,100mg,Tablet,30,560,13025.6,23.26,0.78,ABBVIE Ludwigshafen Germany,Yes,67.0,4476.29,21.49,0,Yes,66.81029850746269,Potential Outlier,23.26
86414,151-NG-T30,FPQ-7217,SO-38920,DN-2376,Nigeria,PMO - US,From RDC,N/A - From RDC,Air Charter,2011-02-21,,2011-06-15,2011-09-28,2011-09-28,ARV,Adult,SCMS from RDC,"Efavirenz/Emtricitabine/Tenofovir Disoproxil Fumarate 600/200/300mg, tablets, 30 Tabs",Efavirenz/Emtricitabine/Tenofovir Disoproxil Fumarate,Generic,600/200/300mg,Tablet - FDC,30,2389,47588.88,19.92,0.66,Mylan (formerly Matrix) Nashik,Yes,277.0,18495.9,78.52,105,No,66.77220216606499,Potential Outlier,19.92
82837,154-NG-T30,FPQ-3815,SO-32270,DN-1311,Nigeria,PMO - US,From RDC,N/A - From RDC,Air Charter,2009-05-26,,2009-07-30,2009-08-04,2009-08-04,ARV,Adult,SCMS from RDC,"Lamivudine 150mg, tablets, 60 Tabs",Lamivudine,Generic,150mg,Tablet,60,50,122.0,2.44,0.04,"Aurobindo Unit III, India",Yes,112.0,7445.8,0.24,5,No,66.48035714285714,Potential Outlier,2.44
23159,108-VN-T30,FPQ-5899,SCMS-77170,ASN-7779,Vietnam,PMO - US,Direct Drop,FCA,Air,2010-06-23,2010-07-01,2010-09-06,2010-09-06,2010-09-06,ARV,Adult,ABBVIE LOGISTICS (FORMERLY ABBOTT LOGISTICS BV),"Ritonavir 100mg [Norvir], capsules, cool, 4 x 84 Caps",Ritonavir,Norvir,100mg,Capsule,336,24,7365.12,306.88,0.91,ABBVIE (Abbott) Logis. UK,Yes,60.0,3981.97,15.88,0,Yes,66.36616666666666,Potential Outlier,306.88
5243,104-CI-T01,Pre-PQ Process,SCMS-40,ASN-26,Côte d'Ivoire,PMO - US,Direct Drop,EXW,Air,,,2006-08-08,2006-08-08,2006-08-08,HRDT,HIV test,RANBAXY Fine Chemicals LTD.,"HIV, Reveal G3 Rapid HIV-1 Antibody Test, 30 Tests","HIV, Reveal G3 Rapid HIV-1 Antibody Test",Reveal,Unknown,Test kit,30,19,551.0,29.0,0.97,Ranbaxy Fine Chemicals LTD,Yes,13.0,859.53,,0,Yes,66.11769230769231,Potential Outlier,29.0
40608,114-UG-T30,FPQ-4320,SCMS-58170,ASN-5732,Uganda,PMO - US,Direct Drop,EXW,Air,2009-11-16,2009-11-24,2010-01-19,2010-01-19,2010-01-19,ARV,Adult,ASPEN PHARMACARE,"Darunavir 300mg [Prezista], tablets, 120 Tabs",Darunavir,Prezista,300mg,Tablet,120,120,10800.0,90.0,0.75,"Aspen-OSD, Port Elizabeth, SA",Yes,18.0,1190.02,21.17,0,Yes,66.11222222222221,Potential Outlier,90.0
86269,104-CI-T30,FPQ-4659,SO-35581,DN-1655,Côte d'Ivoire,PMO - US,From RDC,N/A - From RDC,Air,2009-12-08,,2010-06-28,2010-03-01,2010-03-01,ARV,Adult,SCMS from RDC,"Stavudine 15mg, capsules, 60 Caps",Stavudine,Generic,15mg,Capsule,60,864,1296.0,1.5,0.02,"Aurobindo Unit III, India",Yes,56.0,3688.33,2.79,-119,Yes,65.86303571428572,Potential Outlier,1.5
84039,104-CI-T30,FPQ-4659,SO-35562,DN-2004,Côte d'Ivoire,PMO - US,From RDC,N/A - From RDC,Air,2009-12-08,,2010-09-30,2010-09-06,2010-09-06,ARV,Pediatric,SCMS from RDC,"Didanosine 200mg, chewable/dispersible tablets, 60 Tabs",Didanosine,Generic,200mg,Chewable/dispersible tablet,60,632,9796.0,15.5,0.26,"Aurobindo Unit III, India",Yes,134.0,8815.65,21.12,-24,Yes,65.7884328358209,Potential Outlier,15.5
34184,108-VN-T30,FPQ-6818,SCMS-98170,ASN-10617,Vietnam,PMO - US,Direct Drop,FCA,Air,2011-01-17,2011-02-09,2011-05-10,2011-05-10,2011-05-10,ARV,Adult,ABBVIE LOGISTICS (FORMERLY ABBOTT LOGISTICS BV),"Ritonavir 100mg [Norvir], capsules, cool, 4 x 84 Caps",Ritonavir,Norvir,100mg,Capsule,336,36,7434.36,206.51,0.61,ABBVIE (Abbott) Logis. UK,Yes,111.0,7300.68,12.27,0,Yes,65.7718918918919,Potential Outlier,206.51
18633,102-SD-T30,FPQ-6171,SCMS-81710,ASN-8632,Sudan,PMO - US,Direct Drop,EXW,Air,2010-08-05,2010-08-23,2010-11-29,2010-11-29,2010-11-29,HRDT,HIV test,"Trinity Biotech, Plc","HIV 1/2, Uni-Gold HIV Kit, 20 Tests","HIV 1/2, Uni-Gold HIV Kit",Uni-Gold,Unknown,Test kit,20,50,1600.0,32.0,1.6,"Trinity Biotech, Plc",Yes,17.0,1117.79,3.45,0,Yes,65.75235294117647,Potential Outlier,32.0
42275,102-GY-T30,FPQ-4068,SCMS-52271,ASN-4991,Guyana,PMO - US,Direct Drop,EXW,Air,2009-08-13,2009-08-31,2009-10-16,2009-10-16,2009-10-16,HRDT,HIV test,"Orgenics, Ltd","HIV 1/2, Determine Complete HIV Kit, 100 Tests","HIV 1/2, Determine Complete HIV Kit",Determine,Unknown,Test kit,100,507,36504.0,72.0,0.72,Inverness Japan,Yes,67.0,4400.85,71.55,0,Yes,65.68432835820896,Potential Outlier,72.0
10691,125-HT-T01,Pre-PQ Process,SO-1291,DN-686,Haiti,PMO - US,From RDC,N/A - From RDC,Air,,,2008-04-03,2008-04-03,2008-04-03,HRDT,HIV test,SCMS from RDC,"HIV 1/2, Determine HIV Kit, without Lancets, 100 Tests","HIV 1/2, Determine HIV Kit, without Lancets",Determine,Unknown,Test kit,100,10,720.0,72.0,0.72,Inverness Japan,Yes,12.0,785.88,1.15,0,Yes,65.49,Potential Outlier,72.0
12877,123-NG-T01,Pre-PQ Process,SO-22831,DN-1172,Nigeria,PMO - US,From RDC,N/A - From RDC,Air,,,2009-04-30,2009-04-30,2009-04-30,ARV,Adult,SCMS from RDC,"Nevirapine 200mg, tablets, 60 Tabs",Nevirapine,Generic,200mg,Tablet,60,248,793.6,3.2,0.05,"Aurobindo Unit III, India",Yes,24.0,1547.94,1.56,0,Yes,64.4975,Potential Outlier,3.2
10765,151-NG-T01,Pre-PQ Process,SO-30020,DN-1216,Nigeria,PMO - US,From RDC,N/A - From RDC,Air Charter,,,2009-05-08,2009-05-08,2009-05-08,ARV,Adult,SCMS from RDC,"Emtricitabine/Tenofovir Disoproxil Fumarate 200/300mg [Truvada], tablets, 30 Tabs",Emtricitabine/Tenofovir Disoproxil Fumarate,Truvada,300/200mg,Tablet - FDC,30,2561,67226.25,26.25,0.88,"Aspen-OSD, Port Elizabeth, SA",Yes,235.0,15128.37,131.76,0,Yes,64.3760425531915,Potential Outlier,26.25
3839,139-NA-T01,Pre-PQ Process,SCMS-44720,ASN-4047,Namibia,PMO - US,Direct Drop,EXW,Air,,2009-04-20,2009-05-20,2009-05-20,2009-05-20,HRDT,HIV test,"Orgenics, Ltd","HIV 1/2, Determine HIV Kit, without Lancets, 100 Tests","HIV 1/2, Determine HIV Kit, without Lancets",Determine,Unknown,Test kit,100,180,12600.0,70.0,0.7,Inverness Japan,Yes,43.0,2760.11,24.7,0,Yes,64.18860465116279,Potential Outlier,70.0
3457,119-NA-T01,Pre-PQ Process,SCMS-31810,ASN-3192,Namibia,PMO - US,Direct Drop,EXW,Air,,2008-10-14,2009-01-22,2009-01-22,2009-01-22,HRDT,HIV test,"Orgenics, Ltd","HIV 1/2, Determine Complete HIV Kit, 100 Tests","HIV 1/2, Determine Complete HIV Kit",Determine,Unknown,Test kit,100,150,10800.0,72.0,0.72,Inverness Japan,Yes,46.0,2946.64,21.17,0,Yes,64.05739130434782,Potential Outlier,72.0
11551,106-HT-T01,Pre-PQ Process,SO-2072,DN-695,Haiti,PMO - US,From RDC,N/A - From RDC,Air,,,2008-04-11,2008-04-11,2008-04-11,ARV,Pediatric,SCMS from RDC,"Efavirenz 30mg/ml [Stocrin/Sustiva], oral solution, Bottle, 180 ml",Efavirenz,Stocrin/Sustiva,30mg/ml,Oral solution,180,34,576.64,16.96,0.09,"MSD, Haarlem, NL",Yes,14.0,896.55,0.92,0,Yes,64.03928571428571,Potential Outlier,16.96
10846,105-GY-T01,Pre-PQ Process,SO-693,DN-232,Guyana,PMO - US,From RDC,N/A - From RDC,Air,,,2007-07-18,2007-07-18,2007-07-18,ARV,Adult,SCMS from RDC,"Zidovudine 300mg, tablets, 60 Tabs",Zidovudine,Generic,300mg,Tablet,60,209,1703.35,8.15,0.14,"Ranbaxy, Paonta Shahib, India",Yes,12.0,764.62,2.73,0,Yes,63.71833333333333,Potential Outlier,8.15
85629,114-UG-T30,FPQ-4065,SO-33180,DN-1429,Uganda,PMO - US,From RDC,N/A - From RDC,Air,2009-08-06,,2009-10-08,2009-10-08,2009-10-08,ARV,Adult,SCMS from RDC,"Efavirenz 600mg, tablets, 30 Tabs",Efavirenz,Generic,600mg,Tablet,30,200,1370.0,6.85,0.23,"Aurobindo Unit III, India",Yes,18.0,1140.08,2.69,0,Yes,63.337777777777774,Potential Outlier,6.85
52756,102-BI-T30,FPQ-9231,SCMS-141800,ASN-14660,Burundi,PMO - US,Direct Drop,EXW,Air,2012-02-17,2012-04-09,2012-06-05,2012-06-05,2012-06-05,HRDT,HIV test,"SHANGHAI KEHUA BIOENGINEERING CO.,LTD.  (KHB)","HIV 1/2, SKB Colloidal Gold, Diagnostic Kit, Antibody, 50 Tests","HIV 1/2, Colloidal Gold, Diagnostic Kit, Antibody",Colloidal Gold,Unknown,Test kit,1,23,563.5,24.5,24.5,"KHB Test Kit Facility, Shanghai China",Yes,21.0,1327.6,0.79,0,Yes,63.219047619047615,Potential Outlier,24.5
82312,114-UG-T30,FPQ-5239,SO-36160,DN-1761,Uganda,PMO - US,From RDC,N/A - From RDC,Air,2010-03-02,,2010-06-23,2010-04-08,2010-04-08,ARV,Adult,SCMS from RDC,"Lamivudine/Stavudine 150/30mg, tablets, 60 Tabs",Lamivudine/Stavudine,Generic,150/30mg,Tablet - FDC,60,140,476.0,3.4,0.06,"Cipla, Goa, India",Yes,17.0,1073.46,1.03,-76,Yes,63.14470588235295,Potential Outlier,3.4
83388,106-HT-T30,FPQ-4384,SO-34720,DN-1590,Haiti,PMO - US,From RDC,N/A - From RDC,Air Charter,2009-10-23,,2009-12-25,2009-12-17,2009-12-17,ARV,Pediatric,SCMS from RDC,"Efavirenz 30mg/ml [Stocrin/Sustiva], oral solution, Bottle, 180 ml",Efavirenz,Stocrin/Sustiva,30mg/ml,Oral solution,180,230,3900.8,16.96,0.09,"MSD, Haarlem, NL",Yes,132.0,8329.13,8.41,-8,Yes,63.09946969696969,Potential Outlier,16.96
85381,109-TZ-T30,FPQ-12015,SO-44992,DN-3255,Tanzania,PMO - US,From RDC,N/A - From RDC,Truck,2013-04-02,,2013-09-11,2013-09-11,2013-09-11,ARV,Pediatric,SCMS from RDC,"Abacavir/Lamivudine 60/30mg, tablets, 60 Tabs",Abacavir/Lamivudine,Generic,60/30mg,Tablet - FDC,60,578,2312.0,4.0,0.07,Mylan (formerly Matrix) Nashik,Yes,24.0,1506.5,2.86,0,Yes,62.770833333333336,Potential Outlier,4.0
9489,108-VN-T01,Pre-PQ Process,SCMS-14201,ASN-1172,Vietnam,PMO - US,Direct Drop,EXW,Air,,2007-11-21,2008-01-22,2008-01-25,2008-01-25,ARV,Adult,SUN PHARMACEUTICAL INDUSTRIES LTD (RANBAXY LABORATORIES LIMITED),"Zidovudine 300mg, tablets, 60 Tabs",Zidovudine,Generic,300mg,Tablet,60,600,5028.0,8.38,0.14,"Ranbaxy, Paonta Shahib, India",Yes,34.0,2127.22,8.04,3,No,62.565294117647056,Potential Outlier,8.38
68846,114-UG-T30,FPQ-3965,SCMS-52630,ASN-5160,Uganda,PMO - US,Direct Drop,EXW,Air,2009-07-30,2009-09-14,2009-10-26,2009-10-26,2009-10-26,ARV,Adult,ASPEN PHARMACARE,"Darunavir 300mg [Prezista], tablets, 120 Tabs",Darunavir,Prezista,300mg,Tablet,120,112,10080.0,90.0,0.75,"Aspen-OSD, Port Elizabeth, SA",Yes,16.0,1000.94,19.76,0,Yes,62.55875,Potential Outlier,90.0
82761,107-RW-T30,FPQ-14893,SO-49990,DN-4055,Rwanda,PMO - US,From RDC,N/A - From RDC,Air,2014-10-15,,2015-01-31,2014-12-24,2014-12-31,ARV,Adult,SCMS from RDC,"Tenofovir Disoproxil Fumarate 300mg, tablets, 30 Tabs",Tenofovir Disoproxil Fumarate,Generic,300mg,Tablet,30,189,691.74,3.66,0.12,Hetero Unit III Hyderabad IN,Yes,15.0,925.6,0.71,-38,Yes,61.70666666666667,Potential Outlier,3.66
12167,102-GY-T01,Pre-PQ Process,SO-1005,DN-618,Guyana,PMO - US,From RDC,N/A - From RDC,Unknown,,,2008-02-21,2008-02-21,2008-02-21,HRDT,HIV test,SCMS from RDC,"HIV 1/2, Stat-Pak HIV, Kit, 20 Tests","HIV 1/2, Stat-Pak HIV, Kit",Stat-Pak,Unknown,Test kit,20,45,1215.0,27.0,1.35,Chembio Diagnostics Sys. Inc.,Yes,13.0,798.58,1.94,0,Yes,61.42923076923077,Potential Outlier,27.0
83114,102-ZW-T30,FPQ-10674,SO-43240,DN-3037,Zimbabwe,PMO - US,From RDC,N/A - From RDC,Truck,2012-09-18,,2013-03-30,2013-03-23,2013-03-23,ARV,Adult,SCMS from RDC,"Abacavir/Lamivudine 600/300mg, scored tablets, 30 Tabs",Abacavir/Lamivudine,Generic,600/300mg,Tablet - FDC,30,270,3769.2,13.96,0.47,Mylan (formerly Matrix) Nashik,Yes,18.0,1100.0,5.28,-7,Yes,61.11111111111112,Potential Outlier,13.96
28031,108-VN-T30,FPQ-5066,SCMS-65040,ASN-6209,Vietnam,PMO - US,Direct Drop,EXW,Air,2010-02-10,2010-02-10,2010-03-30,2010-03-30,2010-03-30,ARV,Adult,Aurobindo Pharma Limited,"Didanosine 250mg, delayed-release capsules, 30 Caps",Didanosine,Generic,250mg,Delayed-release capsules,30,84,1092.0,13.0,0.43,"Aurobindo Unit III, India",Yes,6.0,363.96,2.35,0,Yes,60.66,Potential Outlier,13.0
75043,107-RW-T30,FPQ-14813,SCMS-268600,ASN-31454,Rwanda,PMO - US,Direct Drop,FCA,Air,2014-10-09,2014-12-12,2015-04-27,2015-04-27,2015-04-27,ARV,Pediatric,SWORDS LABORATORIES,"Atazanavir 150mg [Reyataz], capsules, 60 Caps",Atazanavir,Reyataz,150mg,Capsule,60,132,4468.2,33.85,0.56,"BMS Evansville, US",Yes,11.0,663.77,4.59,0,Yes,60.34272727272728,Potential Outlier,33.85
84076,151-NG-T30,FPQ-7217,SO-39160,DN-2165,Nigeria,PMO - US,From RDC,N/A - From RDC,Air Charter,2011-02-21,,2011-06-15,2011-05-11,2011-05-11,ARV,Adult,SCMS from RDC,"Lamivudine/Nevirapine/Stavudine 150/200/30mg, tablets, 60 Tabs",Lamivudine/Nevirapine/Stavudine,Generic,150/200/30mg,Tablet - FDC,60,2000,11120.0,5.56,0.09,"Cipla, Goa, India",Yes,209.0,12601.07,18.35,-35,Yes,60.2922009569378,Potential Outlier,5.56
3989,100-HT-T01,Pre-PQ Process,SCMS-540,ASN-362,Haiti,PMO - US,Direct Drop,EXW,Air,,2007-04-04,2007-05-08,2007-05-08,2007-05-08,HRDT,HIV test,"Trinity Biotech, Plc","HIV 1/2, Capillus HIV Kit, 100 Tests","HIV 1/2, Capillus HIV Kit",Capillus,Unknown,Test kit,100,125,17375.0,139.0,1.39,"Trinity Biotech, Plc",Yes,78.0,4702.79,,0,Yes,60.29217948717949,Potential Outlier,139.0
71469,107-RW-T30,FPQ-8741,SCMS-129510,ASN-15329,Rwanda,PMO - US,Direct Drop,CIP,Air,2011-11-30,2012-03-09,2012-06-28,2012-06-28,2012-06-28,ARV,Pediatric,CIPLA LIMITED,"Lamivudine/Stavudine 60/12mg, dispersible tablets, 60 Tabs",Lamivudine/Stavudine,Generic,60/12mg,Chewable/dispersible tablet - FDC,60,672,2466.24,3.67,0.06,"Cipla, Goa, India",Yes,50.0,3011.72,3.46,0,Yes,60.2344,Potential Outlier,3.67
19344,105-GY-T30,FPQ-4922,SCMS-63980,ASN-6490,Guyana,PMO - US,Direct Drop,EXW,Air,2010-01-19,2010-01-28,2010-04-09,2010-04-09,2010-04-09,ARV,Pediatric,CIPLA LIMITED,"Lamivudine/Nevirapine/Stavudine 60/100/12mg, dispersible tablets, 60 Tabs",Lamivudine/Nevirapine/Stavudine,Generic,60/100/12mg,Chewable/dispersible tablet - FDC,60,90,387.0,4.3,0.07,"Cipla, Goa, India",Yes,9.0,541.88,0.83,0,Yes,60.208888888888886,Potential Outlier,4.3
1,100-CI-T01,Pre-PQ Process,SCMS-4,ASN-8,Côte d'Ivoire,PMO - US,Direct Drop,EXW,Air,,,2006-06-02,2006-06-02,2006-06-02,HRDT,HIV test,RANBAXY Fine Chemicals LTD.,"HIV, Reveal G3 Rapid HIV-1 Antibody Test, 30 Tests","HIV, Reveal G3 Rapid HIV-1 Antibody Test",Reveal,Unknown,Test kit,30,19,551.0,29.0,0.97,Ranbaxy Fine Chemicals LTD,Yes,13.0,780.34,,0,Yes,60.026153846153846,Potential Outlier,29.0
47677,108-VN-T30,FPQ-10811,SCMS-164520,ASN-18693,Vietnam,PMO - US,Direct Drop,FCA,Air,2012-10-15,2012-11-07,2013-04-03,2013-04-03,2013-04-03,ARV,Adult,ABBVIE LOGISTICS (FORMERLY ABBOTT LOGISTICS BV),"Ritonavir 100mg [Norvir], film coated tablets, 30 Tabs",Ritonavir,Norvir,100mg,Tablet,30,187,4349.62,23.26,0.78,ABBVIE Ludwigshafen Germany,Yes,16.0,958.85,5.38,0,Yes,59.928125,Potential Outlier,23.26
80526,107-RW-T30,FPQ-13853,SCMS-235970,ASN-26932,Rwanda,PMO - US,Direct Drop,FCA,Air,2014-03-25,2014-04-29,2014-07-16,2014-07-16,2014-07-22,ARV,Pediatric,LAWRENCE LABORATORIES (SUBSIDIARY OF BRISTOL MYERS SQUIBB),"Atazanavir 150mg [Reyataz], capsules, 60 Caps",Atazanavir,Reyataz,150mg,Capsule,60,208,7040.8,33.85,0.56,"BMS Evansville, US",Yes,16.0,957.88,7.24,0,Yes,59.8675,Potential Outlier,33.85
85658,106-HT-T30,FPQ-5152,SO-35950,DN-1669,Haiti,PMO - US,From RDC,N/A - From RDC,Air,2010-02-12,,2010-03-02,2010-03-03,2010-03-03,ARV,Adult,SCMS from RDC,"Indinavir 400mg [Crixivan], capsules, 180 Caps",Indinavir,Crixivan,400mg,Capsule,180,450,22500.0,50.0,0.28,"MSD, Haarlem, NL",Yes,101.0,6036.98,48.51,1,No,59.77207920792079,Potential Outlier,50.0
11668,104-CI-T01,Pre-PQ Process,SO-27541,DN-1355,Côte d'Ivoire,PMO - US,From RDC,N/A - From RDC,Air,,,2009-08-04,2009-08-04,2009-08-04,ARV,Adult,SCMS from RDC,"Lamivudine/Zidovudine 150/300mg, tablets, 60 Tabs",Lamivudine/Zidovudine,Generic,150/300mg,Tablet - FDC,60,214,1874.64,8.76,0.15,"Aurobindo Unit III, India",Yes,19.0,1133.0,3.67,0,Yes,59.63157894736842,Potential Outlier,8.76
84046,105-GY-T30,FPQ-6439,SO-37490,DN-2022,Guyana,PMO - US,From RDC,N/A - From RDC,Air,2010-09-22,,2010-10-20,2010-09-28,2010-09-28,ARV,Adult,SCMS from RDC,"Lopinavir/Ritonavir 200/50mg, tablets, 120 Tabs",Lopinavir/Ritonavir,Generic,200/50mg,Tablet,120,140,5425.0,38.75,0.32,"Aurobindo Unit III, India",Yes,34.0,2027.42,11.7,-22,Yes,59.63,Potential Outlier,38.75
37157,111-MZ-T30,FPQ-7807,SCMS-111300,ASN-12116,Mozambique,PMO - US,Direct Drop,EXW,Air,2011-05-31,2011-06-13,2011-10-26,2011-10-26,2011-10-26,HRDT,HIV test,"Orgenics, Ltd","HIV 1/2, Determine Complete HIV Kit, 100 Tests","HIV 1/2, Determine Complete HIV Kit",Determine,Unknown,Test kit,100,120,9600.0,80.0,0.8,Inverness Japan,Yes,55.0,3267.66,15.84,0,Yes,59.412,Potential Outlier,80.0
65688,105-GY-T30,FPQ-10249,SCMS-153860,ASN-16350,Guyana,PMO - US,Direct Drop,EXW,Air,2012-07-05,2012-07-26,2012-09-18,2012-09-18,2012-09-18,HRDT,HIV test,"CHEMBIO DIAGNOSTIC SYSTEMS, INC.","HIV 1/2, Stat-Pak HIV, Kit, 20 Tests","HIV 1/2, Stat-Pak HIV, Kit",Stat-Pak,Unknown,Test kit,20,19,551.0,29.0,1.45,Chembio Diagnostics Sys. Inc.,Yes,5.0,296.52,0.77,0,Yes,59.304,Potential Outlier,29.0
15382,102-ML-T30,FPQ-11783,SCMS-182800,ASN-19649,Mali,PMO - US,Direct Drop,EXW,Air,2013-03-15,2013-04-11,2013-06-11,2013-06-11,2013-06-11,HRDT,HIV test,"Orgenics, Ltd","HIV 1/2, Determine Complete HIV Kit, 100 Tests","HIV 1/2, Determine Complete HIV Kit",Determine,Unknown,Test kit,100,81,6480.0,80.0,0.8,"Alere Medical Co., Ltd.",Yes,37.0,2190.78,8.02,0,Yes,59.21027027027028,Potential Outlier,80.0
59017,102-BW-T30,FPQ-6645,SCMS-92620,ASN-9373,Botswana,PMO - US,Direct Drop,EXW,Air,2010-11-11,2010-12-02,2011-02-04,2011-02-04,2011-02-04,HRDT,HIV test,Premier Medical Corporation Ltd.,"HIV 1/2/O, First Response HIV 1-2.0, v.3.0 Cards Kit, 30 Tests","HIV 1/2/O, First Response HIV 1-2.0, v.3.0 Cards Kit",First Response,Unknown,Test kit,30,34,765.0,22.5,0.75,Premier Med. Corp Ltd. India,Yes,13.0,766.62,1.26,0,Yes,58.97076923076923,Potential Outlier,22.5
791,119-NA-T01,Pre-PQ Process,SCMS-31180,ASN-2717,Namibia,PMO - US,Direct Drop,EXW,Air,,2008-09-24,2008-10-29,2008-10-29,2008-10-29,HRDT,HIV test,"Orgenics, Ltd","HIV 1/2, Determine HIV Kit, without Lancets, 100 Tests","HIV 1/2, Determine HIV Kit, without Lancets",Determine,Unknown,Test kit,100,150,10798.5,71.99,0.72,Inverness Japan,Yes,46.0,2698.04,21.17,0,Yes,58.65304347826087,Potential Outlier,71.99
82422,151-NG-T30,FPQ-8364,SO-40652,DN-2454,Nigeria,PMO - US,From RDC,N/A - From RDC,Air Charter,2011-08-29,,2012-03-02,2011-12-18,2011-12-18,ARV,Adult,SCMS from RDC,"Lamivudine 150mg, tablets, 60 Tabs",Lamivudine,Generic,150mg,Tablet,60,4700,10951.0,2.33,0.04,"Aurobindo Unit III, India",Yes,264.0,15322.73,18.07,-75,Yes,58.04064393939394,Potential Outlier,2.33
45505,900-SS-T30,FPQ-10504,SCMS-157870,ASN-16323,South Sudan,PMO - US,Direct Drop,EXW,Air,2012-08-15,2012-08-21,2012-10-18,2012-10-18,2012-10-18,HRDT,HIV test,"Trinity Biotech, Plc","HIV 1/2, Uni-Gold HIV Kit, 20 Tests","HIV 1/2, Uni-Gold HIV Kit",Uni-Gold,Unknown,Test kit,20,47,1504.0,32.0,1.6,"Trinity Biotech, Plc",Yes,15.0,870.22,2.11,0,Yes,58.01466666666667,Potential Outlier,32.0
71308,144-BW-T30,FPQ-4167,SCMS-54190,ASN-6563,Botswana,PMO - US,Direct Drop,EXW,Air,2009-09-09,2009-09-30,2010-04-20,2010-04-20,2010-04-20,HRDT,HIV test - Ancillary,Orasure Technologies Inc.,"#109435**HIV, OraQuick Controls Kit, 3 Vials","HIV, OraQuick Controls Kit, 3 Vials",OraQuick,Unknown,Test kit - Ancillary,3,10,250.0,25.0,8.33,"Orasure Technologies, Inc USA",Yes,7.0,403.66,0.49,0,Yes,57.66571428571429,Potential Outlier,25.0
86113,107-RW-T30,FPQ-13728,SO-47980,DN-3810,Rwanda,PMO - US,From RDC,N/A - From RDC,Air,2014-02-13,,2014-07-17,2014-07-17,2014-10-28,ARV,Pediatric,SCMS from RDC,"Lamivudine/Zidovudine 30/60mg, tablets, 60 Tabs",Lamivudine/Zidovudine,Generic,30/60mg,Tablet - FDC,60,362,720.38,1.99,0.03,Mylan (formerly Matrix) Nashik,Yes,16.0,919.81,0.74,0,Yes,57.488125,Potential Outlier,1.99
11629,112-NG-T01,Pre-PQ Process,SO-20961,DN-1165,Nigeria,PMO - US,From RDC,N/A - From RDC,Air,,,2009-04-02,2009-04-02,2009-04-02,ARV,Adult,SCMS from RDC,"Emtricitabine/Tenofovir Disoproxil Fumarate 200/300mg [Truvada], tablets, 30 Tabs",Emtricitabine/Tenofovir Disoproxil Fumarate,Truvada,300/200mg,Tablet - FDC,30,50,1312.5,26.25,0.88,"Aspen-OSD, Port Elizabeth, SA",Yes,5.0,286.65,2.57,0,Yes,57.33,Potential Outlier,26.25
12079,107-RW-T01,Pre-PQ Process,SO-825,DN-264,Rwanda,PMO - US,From RDC,N/A - From RDC,Air,,,2007-08-06,2007-08-06,2007-08-06,HRDT,HIV test,SCMS from RDC,"HIV 1/2, Uni-Gold HIV Kit, 20 Tests","HIV 1/2, Uni-Gold HIV Kit",Uni-Gold,Unknown,Test kit,20,92,2944.0,32.0,1.6,"Trinity Biotech, Plc",Yes,28.0,1604.96,4.71,0,Yes,57.32,Potential Outlier,32.0
10477,119-NA-T01,Pre-PQ Process,SCMS-46810,ASN-4412,Namibia,PMO - US,Direct Drop,EXW,Air,,2009-06-01,2009-07-29,2009-07-29,2009-07-29,HRDT,HIV test,"Orgenics, Ltd","HIV 1/2, Determine Complete HIV Kit, 100 Tests","HIV 1/2, Determine Complete HIV Kit",Determine,Unknown,Test kit,100,150,10800.0,72.0,0.72,Inverness Japan,Yes,47.0,2681.23,21.17,0,Yes,57.04744680851064,Potential Outlier,72.0
1196,102-BW-T01,Pre-PQ Process,SCMS-46071,ASN-4324,Botswana,PMO - US,Direct Drop,EXW,Air,,2009-05-27,2009-06-12,2009-07-10,2009-07-10,HRDT,HIV test,Orasure Technologies Inc.,"HIV 1/2, OraQuick Advance HIV Rapid Antibody Kit, 100 Tests","HIV 1/2, OraQuick Advance HIV Rapid Antibody Kit",OraQuick,Unknown,Test kit,100,5,1750.0,350.0,3.5,"Pacific Biotech, Thailand",Yes,12.0,684.42,3.43,28,No,57.035,Potential Outlier,350.0
9804,117-ET-T01,Pre-PQ Process,SCMS-24890,ASN-2218,Ethiopia,PMO - US,Direct Drop,EXW,Air,,2008-06-10,2008-08-13,2008-08-13,2008-08-13,ANTM,Malaria,MISSIONPHARMA A/S,"Primaquine 15mg base (as diphosphate), tablets, 1000 Tabs",Primaquine base (as diphosphate),Generic,15mg,Tablet,1000,32,1434.88,44.84,0.04,"Weifa A.S., Hausmanngt. 6, P.O. Box 9113 GrÃ_x0083_Â_x0083_Ã_x0082_Â¸nland, 0133, Oslo, Norway",Yes,7.0,399.18,2.3,0,Yes,57.02571428571429,Potential Outlier,44.84
41399,106-HT-T30,FPQ-14895,SCMS-261050,ASN-30327,Haiti,PMO - US,Direct Drop,EXW,Air,2014-09-24,2014-11-14,2015-02-24,2015-02-24,2015-02-24,ARV,Adult,HETERO LABS LIMITED,"Tenofovir Disoproxil Fumarate 300mg, tablets, 30 Tabs",Tenofovir Disoproxil Fumarate,Generic,300mg,Tablet,30,384,1363.2,3.55,0.12,Hetero Unit III Hyderabad IN,Yes,42.0,2391.08,1.4,0,Yes,56.93047619047619,Potential Outlier,3.5500000000000003
7032,108-VN-T01,Pre-PQ Process,SCMS-20490,ASN-1795,Vietnam,PMO - US,Direct Drop,EXW,Air,,2008-03-31,2008-06-02,2008-06-02,2008-06-02,ARV,Pediatric,Aurobindo Pharma Limited,"Zidovudine 100mg, capsules, 100 Caps",Zidovudine,Generic,100mg,Capsule,100,630,3458.7,5.49,0.05,"Aurobindo Unit III, India",Yes,48.0,2729.91,5.53,0,Yes,56.873125,Potential Outlier,5.489999999999999
25760,108-VN-T30,FPQ-5899,SCMS-77430,ASN-8081,Vietnam,PMO - US,Direct Drop,EXW,Air,2010-06-23,2010-07-01,2010-09-21,2010-09-21,2010-09-21,ARV,Adult,STRIDES ARCOLAB LIMITED,"Nevirapine 200mg, tablets, 60 Tabs",Nevirapine,Generic,200mg,Tablet,60,1247,3167.38,2.54,0.04,"Strides, Bangalore, India.",Yes,71.0,4035.45,6.83,0,Yes,56.83732394366197,Potential Outlier,2.54
32594,103-CM-T30,FPQ-10128,SCMS-151600,ASN-16107,Cameroon,PMO - US,Direct Drop,EXW,Air,2012-06-22,2012-07-16,2012-09-10,2012-09-10,2012-09-10,HRDT,HIV test,"Orgenics, Ltd","HIV 1/2, Determine Kit without Lancets, Buffer or Caplillary Tubes, 100 Tests","HIV 1/2, Determine Kit without Lancets, Buffer or Capillary Tubes, 100 Tests",Determine,Unknown,Test kit,100,120,8658.0,72.15,0.72,"Alere Medical Co., Ltd.",Yes,22.0,1243.98,12.14,0,Yes,56.54454545454546,Potential Outlier,72.15
10577,105-GY-T01,Pre-PQ Process,SO-694,DN-280,Guyana,PMO - US,From RDC,N/A - From RDC,Air,,,2007-08-09,2007-08-09,2007-08-09,ARV,Adult,SCMS from RDC,"Zidovudine 300mg, tablets, 60 Tabs",Zidovudine,Generic,300mg,Tablet,60,564,4596.6,8.15,0.14,"Aurobindo Unit III, India",Yes,34.0,1920.0,7.35,0,Yes,56.47058823529412,Potential Outlier,8.15
66782,100-GN-T30,FPQ-4855,SCMS-63890,ASN-6143,Guinea,PMO - US,Direct Drop,EXW,Air,2010-01-20,2010-01-22,2010-03-23,2010-03-23,2010-03-23,HRDT,HIV test,"Orgenics, Ltd","HIV 1/2, Determine Complete HIV Kit, 100 Tests","HIV 1/2, Determine Complete HIV Kit",Determine,Unknown,Test kit,100,50,3600.0,72.0,0.72,Inverness Japan,Yes,32.0,1804.2,7.76,0,Yes,56.38125,Potential Outlier,72.0
66207,114-UG-T30,FPQ-4373,SCMS-58240,ASN-6621,Uganda,PMO - US,Direct Drop,EXW,Air,2009-11-25,2009-12-02,2010-04-21,2010-04-21,2010-04-21,ARV,Adult,ASPEN PHARMACARE,"Darunavir 300mg [Prezista], tablets, 120 Tabs",Darunavir,Prezista,300mg,Tablet,120,102,9180.0,90.0,0.75,"Aspen-OSD, Port Elizabeth, SA",Yes,15.0,845.1,17.99,0,Yes,56.34,Potential Outlier,90.0
81197,144-BW-T30,FPQ-4167,SCMS-54160,ASN-5246,Botswana,PMO - US,Direct Drop,EXW,Air,2009-09-09,2009-09-30,2009-11-23,2009-11-23,2009-11-23,HRDT,HIV test - Ancillary,Orasure Technologies Inc.,"#109435**HIV, OraQuick Controls Kit, 3 Vials","HIV, OraQuick Controls Kit, 3 Vials",OraQuick,Unknown,Test kit - Ancillary,3,10,250.0,25.0,8.33,"Orasure Technologies, Inc USA",Yes,6.0,337.89,0.49,0,Yes,56.315,Potential Outlier,25.0
30998,102-BW-T30,FPQ-4903,SCMS-64790,ASN-6121,Botswana,PMO - US,Direct Drop,EXW,Air,2010-01-13,2010-02-05,2010-06-04,2010-06-04,2010-06-04,HRDT,HIV test,"Trinity Biotech, Plc","HIV 1/2, Uni-Gold HIV Kit, 20 Tests","HIV 1/2, Uni-Gold HIV Kit",Uni-Gold,Unknown,Test kit,20,25,800.0,32.0,1.6,"Trinity Biotech, Plc",Yes,10.0,559.89,1.72,0,Yes,55.989,Potential Outlier,32.0
83999,151-NG-T30,FPQ-4537,SO-35024,DN-1807,Nigeria,PMO - US,From RDC,N/A - From RDC,Air Charter,2009-11-06,,2010-05-31,2010-05-18,2010-05-18,ARV,Adult,SCMS from RDC,"Efavirenz/Emtricitabine/Tenofovir Disoproxil Fumarate 600/200/300mg, tablets, 30 Tabs",Efavirenz/Emtricitabine/Tenofovir Disoproxil Fumarate,Generic,600/200/300mg,Tablet - FDC,30,1590,31672.8,19.92,0.66,Mylan (formerly Matrix) Nashik,Yes,174.0,9736.1,68.29,-13,Yes,55.954597701149424,Potential Outlier,19.92
71532,101-CD-T30,FPQ-13555,SCMS-241110,ASN-26614,"Congo, DRC",PMO - US,Direct Drop,EXW,Air,2014-03-19,2014-05-27,2014-08-29,2014-08-29,2014-09-23,ARV,Pediatric,Aurobindo Pharma Limited,"Nevirapine 50mg, dispersible tablets (tablets for oral suspension), 30 Tabs",Nevirapine,Generic,50mg,Chewable/dispersible tablet,30,240,312.0,1.3,0.04,"Aurobindo Unit III, India",Yes,30.0,1678.57,0.32,0,Yes,55.95233333333333,Potential Outlier,1.3
85864,151-NG-T30,FPQ-9432,SO-42331,DN-2686,Nigeria,PMO - US,From RDC,N/A - From RDC,Air Charter,2012-03-01,,2012-08-02,2012-06-03,2012-06-03,ARV,Pediatric,SCMS from RDC,"Efavirenz 200mg, capsule, 90 Caps",Efavirenz,Generic,200mg,Capsule,90,2067,17858.88,8.64,0.1,"Aurobindo Unit III, India",Yes,307.0,17090.0,25.04,-60,Yes,55.66775244299674,Potential Outlier,8.64
11433,111-MZ-T01,Pre-PQ Process,SO-927,DN-308,Mozambique,PMO - US,From RDC,N/A - From RDC,Air,,,2007-09-04,2007-09-04,2007-09-04,ARV,Adult,SCMS from RDC,"Stavudine 30mg, capsules, 60 Caps",Stavudine,Generic,30mg,Capsule,60,630,957.6,1.52,0.03,"Aurobindo Unit III, India",Yes,36.0,1998.5,1.53,0,Yes,55.513888888888886,Potential Outlier,1.52
84511,104-CI-T30,FPQ-4378,SO-34411,DN-1545,Côte d'Ivoire,PMO - US,From RDC,N/A - From RDC,Air,2009-10-15,,2009-12-04,2009-12-02,2009-12-02,ARV,Pediatric,SCMS from RDC,"Zidovudine 100mg, capsules, 100 Caps",Zidovudine,Generic,100mg,Capsule,100,284,1420.0,5.0,0.05,"Aurobindo Unit III, India",Yes,22.0,1211.49,2.78,-2,Yes,55.06772727272728,Potential Outlier,5.0
61993,111-MZ-T30,FPQ-14294,SCMS-247350,ASN-27821,Mozambique,PMO - US,Direct Drop,EXW,Air,2014-05-15,2014-07-30,2014-09-08,2014-09-08,2014-09-09,HRDT,HIV test,"Trinity Biotech, Plc","HIV 1/2, Uni-Gold HIV Kit, 20 Tests","HIV 1/2, Uni-Gold HIV Kit",Uni-Gold,Unknown,Test kit,20,8261,264352.0,32.0,1.6,"Trinity Biotech, Plc",Yes,298.0,16397.94,271.75,0,Yes,55.026644295302006,Potential Outlier,32.0
11210,110-ZM-T01,Pre-PQ Process,SO-1362,DN-494,Zambia,PMO - US,From RDC,N/A - From RDC,Unknown,,,2007-12-28,2007-12-28,2007-12-28,ARV,Pediatric,SCMS from RDC,"Lopinavir/Ritonavir 80/20mg/ml [Kaletra], oral solution, cool, Bottle 5 x 60 ml",Lopinavir/Ritonavir,Kaletra,80/20mg/ml,Oral solution,300,630,25893.0,41.1,0.14,ABBVIE (Abbott) Logis. UK,Yes,83.0,4522.03,41.43,0,Yes,54.4822891566265,Potential Outlier,41.1
12610,109-TZ-T01,Pre-PQ Process,SO-18750,DN-1431,Tanzania,PMO - US,From RDC,N/A - From RDC,Truck,,,2009-09-25,2009-09-25,2009-09-25,ARV,Adult,SCMS from RDC,"Tenofovir Disoproxil Fumarate 300mg [Viread], tablets, 30 Tabs",Tenofovir Disoproxil Fumarate,Viread,300mg,Tablet,30,536,9112.0,17.0,0.57,"Aspen-OSD, Port Elizabeth, SA",Yes,41.0,2233.61,17.86,0,Yes,54.47829268292684,Potential Outlier,17.0
78362,101-CD-T30,FPQ-11103,SCMS-170610,ASN-18066,"Congo, DRC",PMO - US,Direct Drop,FCA,Air,2012-12-07,2013-01-03,2013-03-15,2013-03-15,2013-03-15,ARV,Pediatric,ABBVIE LOGISTICS (FORMERLY ABBOTT LOGISTICS BV),"Lopinavir/Ritonavir 100/25mg [Aluvia], tablets, 60 Tabs",Lopinavir/Ritonavir,Generic,100/25mg,Tablet,60,60,356.4,5.94,0.1,ABBVIE Ludwigshafen Germany,Yes,13.0,707.19,0.44,0,Yes,54.399230769230776,Potential Outlier,5.94
47638,102-GY-T30,FPQ-8053,SCMS-115820,ASN-11658,Guyana,PMO - US,Direct Drop,EXW,Air,2011-07-13,2011-07-20,2011-08-08,2011-08-08,2011-08-08,HRDT,HIV test,"CHEMBIO DIAGNOSTIC SYSTEMS, INC.","HIV 1/2, Stat-Pak HIV, Kit, 20 Tests","HIV 1/2, Stat-Pak HIV, Kit",Stat-Pak,Unknown,Test kit,20,15,435.0,29.0,1.45,Chembio Diagnostics Sys. Inc.,Yes,6.0,325.67,0.72,0,Yes,54.278333333333336,Potential Outlier,29.0
15356,102-SD-T30,FPQ-8261,SCMS-120472,ASN-13347,Sudan,PMO - US,Direct Drop,EXW,Air,2011-08-29,2011-09-07,2012-02-08,2012-02-08,2012-02-08,HRDT,HIV test,"Trinity Biotech, Plc","HIV 1/2, Uni-Gold HIV Kit, 20 Tests","HIV 1/2, Uni-Gold HIV Kit",Uni-Gold,Unknown,Test kit,20,35,1120.0,32.0,1.6,"Trinity Biotech, Plc",Yes,12.0,646.81,1.85,0,Yes,53.90083333333333,Potential Outlier,32.0
73301,114-UG-T30,FPQ-6563,SCMS-91740,ASN-9071,Uganda,PMO - US,Direct Drop,FCA,Air,2010-10-31,2010-11-17,2010-12-21,2010-12-21,2010-12-21,ARV,Adult,Hoffmann-La Roche ltd Basel,"Saquinavir 500mg [Invirase], tablets, 120 Tabs",Saquinavir,Invirase,500mg,Tablet,120,98,10150.19,103.57,0.86,Roche Madrid,Yes,18.0,968.25,16.75,0,Yes,53.79166666666666,Potential Outlier,103.57336734693878
83208,151-NG-T30,FPQ-12801,SO-46541,DN-3542,Nigeria,PMO - US,From RDC,N/A - From RDC,Air Charter,2013-08-06,,2014-03-07,2014-02-10,2014-02-19,ARV,Pediatric,SCMS from RDC,"Abacavir/Lamivudine 60/30mg, tablets, 60 Tabs",Abacavir/Lamivudine,Generic,60/30mg,Tablet - FDC,60,5985,23940.0,4.0,0.07,"Aurobindo Unit III, India",Yes,576.0,30936.1,29.61,-25,Yes,53.70850694444445,Potential Outlier,4.0
26571,144-BW-T30,FPQ-4167,SCMS-54170,ASN-5725,Botswana,PMO - US,Direct Drop,EXW,Air,2009-09-09,2009-09-30,2010-02-05,2010-02-05,2010-02-05,HRDT,HIV test - Ancillary,Orasure Technologies Inc.,"#109435**HIV, OraQuick Controls Kit, 3 Vials","HIV, OraQuick Controls Kit, 3 Vials",OraQuick,Unknown,Test kit - Ancillary,3,10,250.0,25.0,8.33,"Orasure Technologies, Inc USA",Yes,6.0,322.12,0.49,0,Yes,53.68666666666667,Potential Outlier,25.0
12798,112-NG-T01,Pre-PQ Process,SO-2356,DN-801,Nigeria,PMO - US,From RDC,N/A - From RDC,Air,,,2008-06-30,2008-06-30,2008-06-30,ARV,Adult,SCMS from RDC,"Tenofovir Disoproxil Fumarate 300mg [Viread], tablets, 30 Tabs",Tenofovir Disoproxil Fumarate,Viread,300mg,Tablet,30,48,816.0,17.0,0.57,"Aspen-OSD, Port Elizabeth, SA",Yes,4.0,213.75,1.31,0,Yes,53.4375,Potential Outlier,17.0
76586,133-NG-T30,FPQ-12456,SCMS-196550,ASN-21949,Nigeria,PMO - US,Direct Drop,EXW,Air,2013-06-10,2013-07-10,2013-10-24,2013-10-24,2013-11-01,HRDT,HIV test,"Trinity Biotech, Plc","HIV 1/2, Uni-Gold HIV Kit, 20 Tests","HIV 1/2, Uni-Gold HIV Kit",Uni-Gold,Unknown,Test kit,20,6355,203360.0,32.0,1.6,"Trinity Biotech, Plc",Yes,290.0,15450.88,251.56,0,Yes,53.27889655172414,Potential Outlier,32.0
67776,108-VN-T30,FPQ-4662,SCMS-58610,ASN-5841,Vietnam,PMO - US,Direct Drop,EXW,Air,2009-12-02,2009-12-08,2010-01-25,2010-01-25,2010-01-25,ARV,Adult,STRIDES ARCOLAB LIMITED,"Stavudine 30mg, capsules, 60 Caps",Stavudine,Generic,30mg,Capsule,60,672,940.8,1.4,0.02,"Strides, Bangalore, India.",Yes,32.0,1701.1,2.03,0,Yes,53.159375,Potential Outlier,1.4
84320,151-NG-T30,FPQ-12801,SO-46530,DN-3489,Nigeria,PMO - US,From RDC,N/A - From RDC,Air Charter,2013-08-06,,2014-01-31,2014-01-10,2014-01-15,ARV,Pediatric,SCMS from RDC,"Lamivudine/Zidovudine 30/60mg, tablets, 60 Tabs",Lamivudine/Zidovudine,Generic,30/60mg,Tablet - FDC,60,11605,24950.75,2.15,0.04,Mylan (formerly Matrix) Nashik,Yes,935.0,49199.75,30.86,-21,Yes,52.62005347593583,Potential Outlier,2.15
83090,103-ZW-T30,FPQ-9907,SO-42221,DN-2924,Zimbabwe,PMO - US,From RDC,N/A - From RDC,Truck,2012-05-15,,2012-11-30,2012-11-14,2012-11-14,ARV,Pediatric,SCMS from RDC,"Abacavir 20mg/ml, oral solution w/syringe, Bottle, 240 ml",Abacavir,Generic,20mg/ml,Oral solution,240,42,525.0,12.5,0.05,"Aurobindo Unit III, India",Yes,16.0,839.7,0.74,-16,Yes,52.48125,Potential Outlier,12.5
12899,151-NG-T01,Pre-PQ Process,SO-32647,DN-1341,Nigeria,PMO - US,From RDC,N/A - From RDC,Air Charter,,,2009-08-04,2009-08-04,2009-08-04,ARV,Adult,SCMS from RDC,"Lamivudine/Nevirapine/Zidovudine 150/200/300mg, tablets, 60 Tabs",Lamivudine/Nevirapine/Zidovudine,Generic,150/300/200mg,Tablet - FDC,60,1268,14455.2,11.4,0.19,"Aurobindo Unit III, India",Yes,143.0,7445.8,28.33,0,Yes,52.06853146853147,Potential Outlier,11.4
414,119-NA-T01,Pre-PQ Process,SCMS-19130,ASN-1798,Namibia,PMO - US,Direct Drop,EXW,Air,,2008-03-18,2008-06-04,2008-06-04,2008-06-04,HRDT,HIV test,"Orgenics, Ltd","HIV 1/2, Determine HIV Kit, without Lancets, 100 Tests","HIV 1/2, Determine HIV Kit, without Lancets",Determine,Unknown,Test kit,100,142,10222.58,71.99,0.72,Inverness Japan,Yes,33.0,1715.17,16.36,0,Yes,51.974848484848486,Potential Outlier,71.99
134,100-HT-T01,Pre-PQ Process,SCMS-10130,ASN-616,Haiti,PMO - US,Direct Drop,EXW,Air,,2007-07-26,2007-08-25,2007-08-25,2007-08-25,HRDT,HIV test,Orasure Technologies Inc.,"HIV 1/2, OraQuick Advance HIV Rapid Antibody Kit, 100 Tests","HIV 1/2, OraQuick Advance HIV Rapid Antibody Kit",OraQuick,Unknown,Test kit,100,25,8750.0,350.0,3.5,"Pacific Biotech, Thailand",Yes,60.0,3097.85,14.0,0,Yes,51.630833333333335,Potential Outlier,350.0
29036,114-UG-T30,FPQ-5772,SCMS-79750,ASN-7957,Uganda,PMO - US,Direct Drop,CIP,Air,2010-06-25,2010-07-20,2010-09-07,2010-09-07,2010-09-07,ARV,Adult,MERCK SHARP & DOHME IDEA GMBH (FORMALLY MERCK SHARP & DOHME B.V.),"Raltegravir 400mg [Isentress], tablets, 60 Tabs",Raltegravir,Isentress,400mg,Tablet,60,63,5764.5,91.5,1.52,"MSD, Haarlem, NL",Yes,7.0,360.0,12.43,0,Yes,51.42857142857143,Potential Outlier,91.5
10837,109-TZ-T01,Pre-PQ Process,SO-428,DN-161,Tanzania,PMO - US,From RDC,N/A - From RDC,Air,,,2007-07-06,2007-07-06,2007-07-06,ARV,Adult,SCMS from RDC,"Lamivudine/Nevirapine/Stavudine 150/200/30mg, tablets, 60 Tabs",Lamivudine/Nevirapine/Stavudine,Generic,150/200/30mg,Tablet - FDC,60,3386,25395.0,7.5,0.12,"Cipla, Goa, India",Yes,31.0,1589.0,,0,Yes,51.25806451612903,Potential Outlier,7.5
21897,117-ET-T30,FPQ-9096,SCMS-133340,ASN-15539,Ethiopia,PMO - US,Direct Drop,EXW,Air,2012-01-05,2012-01-23,2012-08-21,2012-08-21,2012-08-21,HRDT,HIV test,"Trinity Biotech, Plc","HIV 1/2, Uni-Gold HIV Kit, 20 Tests","HIV 1/2, Uni-Gold HIV Kit",Uni-Gold,Unknown,Test kit,20,27,864.0,32.0,1.6,"Trinity Biotech, Plc",Yes,10.0,512.31,1.21,0,Yes,51.231,Potential Outlier,32.0
65331,106-HT-T30,FPQ-11285,SCMS-176220,ASN-18344,Haiti,PMO - US,Direct Drop,EXW,Air,2013-01-16,2013-02-05,2013-03-11,2013-03-11,2013-03-11,ARV,Adult,Aurobindo Pharma Limited,"Didanosine 400mg, delayed-release capsules, 30 Caps",Didanosine,Generic,400mg,Delayed-release capsules,30,240,4800.0,20.0,0.67,"Aurobindo Unit III, India",Yes,19.0,971.7,5.94,0,Yes,51.142105263157895,Potential Outlier,20.0
10797,114-UG-T01,Pre-PQ Process,SO-33570,DN-1464,Uganda,PMO - US,From RDC,N/A - From RDC,Air,,,2009-10-08,2009-10-08,2009-10-08,ARV,Adult,SCMS from RDC,"Lamivudine/Nevirapine/Stavudine 150/200/30mg, tablets, 60 Tabs",Lamivudine/Nevirapine/Stavudine,Generic,150/200/30mg,Tablet - FDC,60,240,1680.0,7.0,0.12,"Cipla, Goa, India",Yes,23.0,1173.1,3.29,0,Yes,51.00434782608695,Potential Outlier,7.0
5294,102-NG-T01,Pre-PQ Process,SCMS-228,ASN-141,Nigeria,PMO - US,Direct Drop,EXW,Air,,,2007-01-18,2007-01-18,2007-01-18,HRDT,HIV test,"Trinity Biotech, Plc","HIV 1/2, Uni-Gold HIV Kit, 20 Tests","HIV 1/2, Uni-Gold HIV Kit",Uni-Gold,Unknown,Test kit,20,40,1600.0,40.0,2.0,"Trinity Biotech, Plc",Yes,14.0,713.58,,0,Yes,50.970000000000006,Potential Outlier,40.0
85189,151-NG-T30,FPQ-7217,SO-39600,DN-2215,Nigeria,PMO - US,From RDC,N/A - From RDC,Air Charter,2011-02-21,,2011-06-15,2011-07-06,2011-07-06,ARV,Adult,SCMS from RDC,"Tenofovir Disoproxil Fumarate 300mg, tablets, 30 Tabs",Tenofovir Disoproxil Fumarate,Generic,300mg,Tablet,30,3000,19710.0,6.57,0.22,"Aurobindo Unit III, India",Yes,263.0,13398.06,32.52,21,No,50.943193916349806,Potential Outlier,6.57
44694,144-BW-T30,FPQ-4167,SCMS-54210,ASN-5491,Botswana,PMO - US,Direct Drop,EXW,Air,2009-09-09,2009-09-30,2009-11-30,2009-11-30,2009-11-30,HRDT,HIV test - Ancillary,Orasure Technologies Inc.,"#109435**HIV, OraQuick Controls Kit, 3 Vials","HIV, OraQuick Controls Kit, 3 Vials",OraQuick,Unknown,Test kit - Ancillary,3,10,250.0,25.0,8.33,"Orasure Technologies, Inc USA",Yes,6.0,304.76,0.49,0,Yes,50.79333333333333,Potential Outlier,25.0
13708,101-CD-T30,FPQ-13548,SCMS-224840,ASN-24721,"Congo, DRC",PMO - US,Direct Drop,EXW,Air,2014-01-22,2014-01-28,2014-04-04,2014-04-04,2014-04-28,HRDT,HIV test,"Trinity Biotech, Plc","HIV 1/2, Uni-Gold HIV Kit, 20 Tests","HIV 1/2, Uni-Gold HIV Kit",Uni-Gold,Unknown,Test kit,20,32,1024.0,32.0,1.6,"Trinity Biotech, Plc",Yes,54.0,2734.02,1.05,0,Yes,50.63,Potential Outlier,32.0
1502,107-RW-T01,Pre-PQ Process,SCMS-13900,ASN-990,Rwanda,PMO - US,Direct Drop,EXW,Air,,2007-11-12,2008-01-28,2008-01-28,2008-01-28,ARV,Adult,ASPEN PHARMACARE,"Tenofovir Disoproxil Fumarate 300mg [Viread], tablets, 30 Tabs",Tenofovir Disoproxil Fumarate,Viread,300mg,Tablet,30,1609,27353.0,17.0,0.57,"Aspen-OSD, Port Elizabeth, SA",Yes,157.0,7922.24,43.76,0,Yes,50.46012738853503,Potential Outlier,17.0
78532,102-BW-T30,FPQ-6645,SCMS-92600,ASN-9740,Botswana,PMO - US,Direct Drop,EXW,Air,2010-11-11,2010-12-02,2011-03-02,2011-03-02,2011-03-02,HRDT,HIV test,"Standard Diagnostics, Inc.","HIV 1/2, Bioline 3.0 Kit, Lancets, Capillary pipets, Alcohol swabs included, 25 Tests","HIV 1/2, Bioline 3.0 Kit, Lancets, Capillary pipets, Alcohol swabs included",Bioline,Unknown,Test kit,25,40,800.0,20.0,0.8,"Standard Diagnostics, Korea",Yes,14.0,706.18,1.32,0,Yes,50.44142857142857,Potential Outlier,20.0
85413,110-ZM-T30,FPQ-12066,SO-45072,DN-3380,Zambia,PMO - US,From RDC,N/A - From RDC,Truck,2013-04-19,,2013-10-31,2014-01-24,2014-03-17,ARV,Pediatric,SCMS from RDC,"Lamivudine/Nevirapine/Zidovudine 30/50/60mg, dispersible tablets, 60 Tabs",Lamivudine/Nevirapine/Zidovudine,Generic,30/50/60mg,Chewable/dispersible tablet - FDC,60,20000,77800.0,3.89,0.06,Mylan (formerly Matrix) Nashik,Yes,117.0,5900.0,96.24,85,No,50.427350427350426,Potential Outlier,3.89
83455,151-NG-T30,FPQ-5688,SO-36915,DN-1973,Nigeria,PMO - US,From RDC,N/A - From RDC,Air Charter,2010-05-27,,2010-08-31,2010-08-17,2010-08-17,ARV,Adult,SCMS from RDC,"Emtricitabine/Tenofovir Disoproxil Fumarate 200/300mg, tablets, 30 Tabs",Emtricitabine/Tenofovir Disoproxil Fumarate,Generic,200/300mg,Tablet - FDC,30,1328,15604.0,11.75,0.39,Mylan (formerly Matrix) Nashik,Yes,122.0,6147.18,33.64,-14,Yes,50.38672131147541,Potential Outlier,11.75
83507,100-BJ-T30,FPQ-7658,SO-39810,DN-2250,Benin,PMO - US,From RDC,N/A - From RDC,Air,2011-05-15,,2011-06-13,2011-06-30,2011-06-30,ARV,Adult,SCMS from RDC,"Lopinavir/Ritonavir 200/50mg [Aluvia], tablets, 120 Tabs",Lopinavir/Ritonavir,Aluvia,200/50mg,Tablet,120,611,20615.14,33.74,0.28,ABBVIE Ludwigshafen Germany,Yes,129.0,6477.67,34.01,17,No,50.21449612403101,Potential Outlier,33.74
11043,114-UG-T01,Pre-PQ Process,SO-30060,DN-1227,Uganda,PMO - US,From RDC,N/A - From RDC,Air,,,2009-06-01,2009-06-01,2009-06-01,ARV,Adult,SCMS from RDC,"Lopinavir/Ritonavir 200/50mg [Aluvia], tablets, 120 Tabs",Lopinavir/Ritonavir,Aluvia,200/50mg,Tablet,120,100,4110.0,41.1,0.34,ABBVIE Ludwigshafen Germany,Yes,23.0,1152.63,8.06,0,Yes,50.11434782608696,Potential Outlier,41.1
28888,102-ML-T30,FPQ-13391,SCMS-221931,ASN-24573,Mali,PMO - US,Direct Drop,EXW,Air,2013-12-16,2014-01-22,2014-03-25,2014-03-25,2014-03-28,HRDT,HIV test,"Orgenics, Ltd","HIV 1/2, ImmunoComb II BiSpot EIA Kit, 36 Tests","HIV 1/2, ImmunoComb II BiSpot EIA Kit",ImmunoComb,Unknown,Test kit,36,58,4930.0,85.0,2.36,"Alere Medical Co., Ltd.",Yes,23.0,1148.65,5.07,0,Yes,49.94130434782609,Potential Outlier,85.0
57733,106-HT-T30,FPQ-11286,SCMS-176340,ASN-19535,Haiti,PMO - US,Direct Drop,EXW,Air,2013-01-16,2013-02-05,2013-06-10,2013-06-10,2013-06-10,ARV,Adult,HETERO LABS LIMITED,"Lamivudine/Stavudine 150/30mg, tablets, 60 Tabs",Lamivudine/Stavudine,Generic,150/30mg,Tablet - FDC,60,336,836.64,2.49,0.04,Hetero Unit III Hyderabad IN,Yes,37.0,1845.9,1.03,0,Yes,49.88918918918919,Potential Outlier,2.49
3261,108-VN-T01,Pre-PQ Process,SCMS-26380,ASN-2338,Vietnam,PMO - US,Direct Drop,EXW,Air,,2008-07-01,2008-09-20,2008-09-20,2008-09-20,ARV,Adult,MYLAN LABORATORIES LTD (FORMERLY MATRIX LABORATORIES),"Tenofovir Disoproxil Fumarate 300mg, tablets, 30 Tabs",Tenofovir Disoproxil Fumarate,Generic,300mg,Tablet,30,2016,24917.76,12.36,0.41,Mylan (formerly Matrix) Nashik,Yes,120.0,5921.97,39.87,0,Yes,49.34975,Potential Outlier,12.36
55504,117-ET-T30,FPQ-9096,SCMS-133350,ASN-15835,Ethiopia,PMO - US,Direct Drop,EXW,Air,2012-01-05,2012-01-23,2012-08-29,2012-08-29,2012-08-29,HRDT,HIV test,"Trinity Biotech, Plc","HIV 1/2, Uni-Gold HIV Kit, 20 Tests","HIV 1/2, Uni-Gold HIV Kit",Uni-Gold,Unknown,Test kit,20,27,864.0,32.0,1.6,"Trinity Biotech, Plc",Yes,10.0,490.23,1.21,0,Yes,49.023,Potential Outlier,32.0
84813,900-SS-T30,FPQ-11637,SO-44690,DN-3134,South Sudan,PMO - US,From RDC,N/A - From RDC,Air,2013-02-27,,2013-06-28,2013-05-17,2013-05-17,ARV,Adult,SCMS from RDC,"Lamivudine 150mg, tablets, 60 Tabs",Lamivudine,Generic,150mg,Tablet,60,270,537.3,1.99,0.03,Hetero Unit III Hyderabad IN,Yes,15.0,735.24,0.66,-42,Yes,49.016,Potential Outlier,1.99
67159,102-MW-T30,FPQ-9454,SCMS-141450,ASN-14884,Malawi,PMO - US,Direct Drop,EXW,Air,2012-03-12,2012-03-28,2012-05-23,2012-05-23,2012-05-23,HRDT,HIV test,"Orgenics, Ltd","HIV 1/2, Determine Complete HIV Kit, 100 Tests","HIV 1/2, Determine Complete HIV Kit",Determine,Unknown,Test kit,100,66,5280.0,80.0,0.8,"Alere Medical Co., Ltd.",Yes,30.0,1470.09,7.4,0,Yes,49.003,Potential Outlier,80.0
43634,900-SS-T30,FPQ-11623,SCMS-178020,ASN-18785,South Sudan,PMO - US,Direct Drop,EXW,Air,2013-02-08,2013-02-27,2013-05-16,2013-05-16,2013-05-16,HRDT,HIV test,"Trinity Biotech, Plc","HIV 1/2, Uni-Gold HIV Kit, 20 Tests","HIV 1/2, Uni-Gold HIV Kit",Uni-Gold,Unknown,Test kit,20,52,1664.0,32.0,1.6,"Trinity Biotech, Plc",Yes,24.0,1170.36,2.06,0,Yes,48.76499999999999,Potential Outlier,32.0
8760,141-NA-T01,Pre-PQ Process,SCMS-32420,ASN-3079,Namibia,PMO - US,Direct Drop,EXW,Air,,2008-10-24,2009-01-14,2009-01-14,2009-01-14,HRDT,HIV test,"Trinity Biotech, Plc","HIV 1/2, Uni-Gold HIV Kit, 20 Tests","HIV 1/2, Uni-Gold HIV Kit",Uni-Gold,Unknown,Test kit,20,35,1120.0,32.0,1.6,"Trinity Biotech, Plc",Yes,12.0,585.12,2.2,0,Yes,48.76,Potential Outlier,32.0
83986,104-CI-T30,FPQ-4378,SO-34414,DN-1676,Côte d'Ivoire,PMO - US,From RDC,N/A - From RDC,Air,2009-10-15,,2010-03-09,2010-03-10,2010-03-10,ARV,Pediatric,SCMS from RDC,"Efavirenz 200mg, capsule, 90 Caps",Efavirenz,Generic,200mg,Capsule,90,769,7743.83,10.07,0.11,"Aurobindo Unit III, India",Yes,93.0,4519.96,15.18,1,No,48.60172043010753,Potential Outlier,10.07
34566,102-KE-T30,FPQ-3984,SCMS-50890,ASN-4752,Kenya,PMO - US,Direct Drop,EXW,Air,2009-07-20,2009-08-03,2009-10-13,2009-10-13,2009-10-13,HRDT,HIV test,"Orgenics, Ltd","HIV 1/2, Determine Complete HIV Kit, 100 Tests","HIV 1/2, Determine Complete HIV Kit",Determine,Unknown,Test kit,100,100,8000.0,80.0,0.8,Inverness Japan,Yes,32.0,1555.21,15.68,0,Yes,48.6003125,Potential Outlier,80.0
12078,107-RW-T01,Pre-PQ Process,SO-814,DN-263,Rwanda,PMO - US,From RDC,N/A - From RDC,Air,,,2007-08-06,2007-08-06,2007-08-06,ARV,Adult,SCMS from RDC,"Indinavir 400mg [Crixivan], capsules, 180 Caps",Indinavir,Crixivan,400mg,Capsule,180,112,5600.0,50.0,0.28,MSD Elkton USA,Yes,24.0,1161.0,8.96,0,Yes,48.375,Potential Outlier,50.0
11927,100-SL-T01,Pre-PQ Process,SO-12770,DN-885,Sierra Leone,PMO - US,From RDC,N/A - From RDC,Air,,,2008-08-22,2008-08-22,2008-08-22,HRDT,HIV test,SCMS from RDC,"HIV 1/2, Uni-Gold HIV Kit, 20 Tests","HIV 1/2, Uni-Gold HIV Kit",Uni-Gold,Unknown,Test kit,20,500,16000.0,32.0,1.6,"Trinity Biotech, Plc",Yes,163.0,7795.0,25.6,0,Yes,47.82208588957055,Potential Outlier,32.0
80559,114-UG-T30,FPQ-10558,SCMS-160440,ASN-16895,Uganda,PMO - US,Direct Drop,EXW,Air,2012-08-24,2012-09-26,2012-11-09,2012-11-09,2012-11-09,ARV,Adult,MYLAN LABORATORIES LTD (FORMERLY MATRIX LABORATORIES),"Atazanavir/Ritonavir 300/100mg, tablets, 30 Tabs",Atazanavir/Ritonavir,Generic,300/100mg,Tablet,30,170,3825.0,22.5,0.75,Mylan (formerly Matrix) Nashik,Yes,22.0,1051.5,5.36,0,Yes,47.79545454545455,Potential Outlier,22.5
11367,107-RW-T01,Pre-PQ Process,SO-308,DN-25,Rwanda,PMO - US,From RDC,N/A - From RDC,Air,,,2007-03-17,2007-03-17,2007-03-17,ARV,Adult,SCMS from RDC,"Tenofovir Disoproxil Fumarate 300mg [Viread], tablets, 30 Tabs",Tenofovir Disoproxil Fumarate,Viread,300mg,Tablet,30,4000,68000.0,17.0,0.57,Gilead(Nycomed) Oranienburg DE,Yes,256.0,12205.4,,0,Yes,47.67734375,Potential Outlier,17.0
84555,114-UG-T30,FPQ-5071,SO-35940,DN-1798,Uganda,PMO - US,From RDC,N/A - From RDC,Air,2010-02-09,,2010-05-07,2010-05-19,2010-05-19,ARV,Adult,SCMS from RDC,"Lamivudine/Nevirapine/Stavudine 150/200/30mg, tablets, 60 Tabs",Lamivudine/Nevirapine/Stavudine,Generic,150/200/30mg,Tablet - FDC,60,200,1170.0,5.85,0.1,"Cipla, Goa, India",Yes,21.0,1000.05,2.52,12,No,47.62142857142857,Potential Outlier,5.85
24129,102-SD-T30,FPQ-8261,SCMS-120442,ASN-12833,Sudan,PMO - US,Direct Drop,EXW,Air,2011-08-29,2011-09-14,2012-01-06,2012-01-06,2012-01-06,HRDT,HIV test,"Orgenics, Ltd","HIV 1/2, Determine Complete HIV Kit, 100 Tests","HIV 1/2, Determine Complete HIV Kit",Determine,Unknown,Test kit,100,77,6853.0,89.0,0.89,"Alere Medical Co., Ltd.",Yes,36.0,1712.6,11.31,0,Yes,47.57222222222222,Potential Outlier,89.0
55706,106-HT-T30,FPQ-9635,SCMS-148420,ASN-15616,Haiti,PMO - US,Direct Drop,EXW,Air,2012-05-14,2012-06-28,2012-08-07,2012-08-07,2012-08-07,ARV,Adult,STRIDES ARCOLAB LIMITED,"Lamivudine/Stavudine 150/30mg, tablets, 60 Tabs",Lamivudine/Stavudine,Generic,150/30mg,Tablet - FDC,60,384,1121.28,2.92,0.05,"Strides, Bangalore, India.",Yes,20.0,950.05,1.57,0,Yes,47.5025,Potential Outlier,2.92
86311,104-CI-T30,FPQ-4659,SO-35570,DN-1876,Côte d'Ivoire,PMO - US,From RDC,N/A - From RDC,Air,2009-12-08,,2010-07-09,2010-07-05,2010-07-05,ARV,Adult,SCMS from RDC,"Abacavir/Lamivudine 600/300mg, scored tablets, 30 Tabs",Abacavir/Lamivudine,Generic,600/300mg,Tablet - FDC,30,1200,27600.0,23.0,0.77,Mylan (formerly Matrix) Nashik,Yes,108.0,5121.68,59.51,-4,Yes,47.42296296296296,Potential Outlier,23.0
11956,151-NG-T01,Pre-PQ Process,SO-21808,DN-1142,Nigeria,PMO - US,From RDC,N/A - From RDC,Air Charter,,,2009-03-19,2009-03-19,2009-03-19,ARV,Adult,SCMS from RDC,"Lamivudine/Nevirapine/Zidovudine 150/200/300mg, tablets, 60 Tabs",Lamivudine/Nevirapine/Zidovudine,Generic,150/300/200mg,Tablet - FDC,60,4314,49179.6,11.4,0.19,"Aurobindo Unit III, India",Yes,485.0,22985.73,96.39,0,Yes,47.39325773195876,Potential Outlier,11.4
85707,104-CI-T30,FPQ-5925,SO-37142,DN-2013,Côte d'Ivoire,PMO - US,From RDC,N/A - From RDC,Truck,2010-06-23,,2010-09-30,2010-09-25,2010-09-25,ARV,Adult,SCMS from RDC,"Lamivudine/Stavudine 150/30mg, tablets, 60 Tabs",Lamivudine/Stavudine,Generic,150/30mg,Tablet - FDC,60,2376,7793.28,3.28,0.05,Mylan (formerly Matrix) Nashik,Yes,189.0,8953.21,16.8,-5,Yes,47.371481481481474,Potential Outlier,3.28
11225,107-RW-T01,Pre-PQ Process,SO-1682,DN-580,Rwanda,PMO - US,From RDC,N/A - From RDC,Air,,,2008-01-28,2008-01-28,2008-01-28,ARV,Adult,SCMS from RDC,"Stavudine 30mg, capsules, 60 Caps",Stavudine,Generic,30mg,Capsule,60,392,842.8,2.15,0.04,"Aurobindo Unit III, India",Yes,29.0,1372.38,1.35,0,Yes,47.32344827586207,Potential Outlier,2.15
10975,105-GY-T01,Pre-PQ Process,SO-2464,DN-727,Guyana,PMO - US,From RDC,N/A - From RDC,Air,,,2008-05-09,2008-05-09,2008-05-09,ARV,Adult,SCMS from RDC,"Lopinavir/Ritonavir 200/50mg [Aluvia], tablets, 120 Tabs",Lopinavir/Ritonavir,Aluvia,200/50mg,Tablet,120,150,12330.0,82.2,0.68,ABBVIE Ludwigshafen Germany,Yes,34.0,1608.7,19.73,0,Yes,47.31470588235294,Potential Outlier,82.2
12322,151-NG-T01,Pre-PQ Process,SO-33337,DN-1439,Nigeria,PMO - US,From RDC,N/A - From RDC,Air Charter,,,2009-10-20,2009-10-20,2009-10-20,ARV,Adult,SCMS from RDC,"Lamivudine/Nevirapine/Zidovudine 150/200/300mg, tablets, 60 Tabs",Lamivudine/Nevirapine/Zidovudine,Generic,150/300/200mg,Tablet - FDC,60,1756,20018.4,11.4,0.19,"Aurobindo Unit III, India",Yes,198.0,9341.49,39.24,0,Yes,47.179242424242425,Potential Outlier,11.4
5233,100-CI-T01,Pre-PQ Process,SCMS-3,ASN-6,Côte d'Ivoire,PMO - US,Direct Drop,EXW,Air,,,2006-05-02,2006-05-02,2006-05-02,HRDT,HIV test,"Standard Diagnostics, Inc.","HIV 1/2, Bioline 3.0 Kit, (no accessories), 30 Tests","HIV 1/2, Bioline 3.0 Kit (no accessories)",Bioline,Unknown,Test kit,30,31,734.7,23.7,0.79,"Standard Diagnostics, Korea",Yes,11.0,515.32,,0,Yes,46.84727272727273,Potential Outlier,23.700000000000003
35250,108-VN-T30,FPQ-13524,SCMS-226190,ASN-27099,Vietnam,PMO - US,Direct Drop,FCA,Air,2014-02-06,2014-03-10,2014-08-18,2014-08-18,2014-08-25,ARV,Adult,ABBVIE LOGISTICS (FORMERLY ABBOTT LOGISTICS BV),"Ritonavir 100mg [Norvir], film coated tablets, 30 Tabs",Ritonavir,Norvir,100mg,Tablet,30,300,6978.0,23.26,0.78,ABBVIE Ludwigshafen Germany,Yes,38.0,1779.09,7.17,0,Yes,46.81815789473684,Potential Outlier,23.26
76270,107-RW-T30,FPQ-8263,SCMS-119640,ASN-12455,Rwanda,PMO - US,Direct Drop,EXW,Air,2011-08-19,2011-08-29,2011-11-04,2011-11-04,2011-11-04,HRDT,HIV test,"Orgenics, Ltd","HIV 1/2, Determine HIV Kit, without Lancets, 100 Tests","HIV 1/2, Determine HIV Kit, without Lancets",Determine,Unknown,Test kit,100,2530,196581.0,77.7,0.78,Inverness Japan,Yes,575.0,26849.57,324.36,0,Yes,46.69490434782609,Potential Outlier,77.7
84597,104-CI-T30,FPQ-5201,SO-36380,DN-2034,Côte d'Ivoire,PMO - US,From RDC,N/A - From RDC,Air,2010-03-03,,2010-10-30,2010-11-23,2010-11-23,ARV,Pediatric,SCMS from RDC,"Efavirenz 200mg, capsule, 90 Caps",Efavirenz,Generic,200mg,Capsule,90,1785,17974.95,10.07,0.11,"Aurobindo Unit III, India",Yes,168.0,7816.45,38.75,24,No,46.52648809523809,Potential Outlier,10.07
78727,107-RW-T30,FPQ-4854,SCMS-63651,ASN-6747,Rwanda,PMO - US,Direct Drop,FCA,Air,2010-01-06,2010-01-20,2010-04-30,2010-04-30,2010-04-30,ARV,Pediatric,Hoffmann-La Roche ltd Basel,"Nelfinavir 50mg/g [Viracept], oral powder, 144g",Nelfinavir,Viracept,50mg/g,Oral powder,144,148,5429.5,36.69,0.25,Roche Basel,Yes,27.0,1253.71,11.71,0,Yes,46.433703703703706,Potential Outlier,36.685810810810814
20824,901-CM-T30,FPQ-12837,SCMS-204360,ASN-21528,Cameroon,PMO - US,Direct Drop,EXW,Air,2013-08-19,2013-08-23,2013-09-26,2013-09-26,2013-09-26,ARV,Adult,CIPLA LIMITED,"Lamivudine/Zidovudine 150/300mg, tablets, 60 Tabs",Lamivudine/Zidovudine,Generic,150/300mg,Tablet - FDC,60,59,388.81,6.59,0.11,"Cipla, Goa, India",Yes,23.0,1067.02,0.48,0,Yes,46.39217391304348,Potential Outlier,6.59
86728,105-GY-T30,FPQ-14042,SO-48521,DN-3938,Guyana,PMO - US,From RDC,N/A - From RDC,Air,2014-04-09,,2014-09-30,2014-10-09,2014-10-22,ARV,Adult,SCMS from RDC,"Lamivudine/Zidovudine 150/300mg, tablets, 60 Tabs",Lamivudine/Zidovudine,Generic,150/300mg,Tablet - FDC,60,228,1504.8,6.6,0.11,"Aurobindo Unit III, India",Yes,21.0,973.48,1.55,9,No,46.35619047619048,Potential Outlier,6.6
12030,110-ZM-T01,Pre-PQ Process,SO-229,DN-41,Zambia,PMO - US,From RDC,N/A - From RDC,Unknown,,,2007-03-29,2007-03-29,2007-03-29,ARV,Adult,SCMS from RDC,"Abacavir 300mg, tablets, 60 Tabs",Abacavir,Generic,300mg,Tablet,60,3334,118357.0,35.5,0.59,"Aurobindo Unit III, India",Yes,161.0,7441.23,,0,Yes,46.2188198757764,Potential Outlier,35.5
30982,107-RW-T30,FPQ-8263,SCMS-119641,ASN-13528,Rwanda,PMO - US,Direct Drop,EXW,Air,2011-08-19,2011-08-29,2012-02-13,2012-02-13,2012-02-13,HRDT,HIV test,"Orgenics, Ltd","HIV 1/2, Determine HIV Kit, without Lancets, 100 Tests","HIV 1/2, Determine HIV Kit, without Lancets",Determine,Unknown,Test kit,100,6000,466200.0,77.7,0.78,Inverness Japan,Yes,1362.0,62458.88,769.23,0,Yes,45.858208516886926,Potential Outlier,77.7
84705,101-CD-T30,FPQ-8840,SO-41384,DN-2525,"Congo, DRC",PMO - US,From RDC,N/A - From RDC,Air,2011-11-21,,2012-03-22,2012-03-22,2012-03-22,ARV,Adult,SCMS from RDC,"Lamivudine 150mg, tablets, 60 Tabs",Lamivudine,Generic,150mg,Tablet,60,43,100.19,2.33,0.04,Hetero Unit III Hyderabad IN,Yes,2.0,91.42,0.14,0,Yes,45.71,Potential Outlier,2.33
2295,119-NA-T01,Pre-PQ Process,SCMS-37060,ASN-3303,Namibia,PMO - US,Direct Drop,EXW,Air,,2009-01-13,2009-03-02,2009-03-02,2009-03-02,HRDT,HIV test,"Trinity Biotech, Plc","HIV 1/2, Uni-Gold HIV Kit, 20 Tests","HIV 1/2, Uni-Gold HIV Kit",Uni-Gold,Unknown,Test kit,20,68,2176.0,32.0,1.6,"Trinity Biotech, Plc",Yes,22.0,1003.52,4.26,0,Yes,45.61454545454546,Potential Outlier,32.0
9353,102-BW-T01,Pre-PQ Process,SCMS-10390,ASN-644,Botswana,PMO - US,Direct Drop,EXW,Air,,2007-07-31,2007-08-31,2007-08-31,2007-08-31,HRDT,HIV test,Orasure Technologies Inc.,"HIV 1/2, OraQuick Advance HIV Rapid Antibody Kit, 100 Tests","HIV 1/2, OraQuick Advance HIV Rapid Antibody Kit",OraQuick,Unknown,Test kit,100,10,3500.0,350.0,3.5,"Pacific Biotech, Thailand",Yes,24.0,1091.64,5.6,0,Yes,45.48500000000001,Potential Outlier,350.0
10753,151-NG-T01,Pre-PQ Process,SO-21807,DN-1141,Nigeria,PMO - US,From RDC,N/A - From RDC,Air Charter,,,2009-03-19,2009-03-19,2009-03-19,ARV,Adult,SCMS from RDC,"Lamivudine/Nevirapine/Zidovudine 150/200/300mg, tablets, 60 Tabs",Lamivudine/Nevirapine/Zidovudine,Generic,150/300/200mg,Tablet - FDC,60,4501,51311.4,11.4,0.19,"Aurobindo Unit III, India",Yes,506.0,22985.72,100.57,0,Yes,45.42632411067194,Potential Outlier,11.4
63175,107-RW-T30,FPQ-3963,SCMS-48560,ASN-4448,Rwanda,PMO - US,Direct Drop,EXW,Air,2009-07-01,2009-07-02,2009-08-14,2009-08-14,2009-08-14,HRDT,HIV test,"Trinity Biotech, Plc","HIV 1/2, Uni-Gold HIV Kit, 20 Tests","HIV 1/2, Uni-Gold HIV Kit",Uni-Gold,Unknown,Test kit,20,250,8000.0,32.0,1.6,"Trinity Biotech, Plc",Yes,88.0,3997.31,15.68,0,Yes,45.42397727272727,Potential Outlier,32.0
10504,119-NA-T01,Pre-PQ Process,SCMS-47150,ASN-4310,Namibia,PMO - US,Direct Drop,EXW,Air,,2009-06-04,2009-06-29,2009-06-29,2009-06-29,HRDT,HIV test,"Trinity Biotech, Plc","HIV 1/2, Uni-Gold HIV Kit, 20 Tests","HIV 1/2, Uni-Gold HIV Kit",Uni-Gold,Unknown,Test kit,20,120,3840.0,32.0,1.6,"Trinity Biotech, Plc",Yes,41.0,1862.27,7.53,0,Yes,45.42121951219512,Potential Outlier,32.0
11156,114-UG-T01,Pre-PQ Process,SO-896,DN-297,Uganda,PMO - US,From RDC,N/A - From RDC,Unknown,,,2007-10-17,2007-10-17,2007-10-17,ARV,Adult,SCMS from RDC,"Stavudine 30mg, capsules, 60 Caps",Stavudine,Generic,30mg,Capsule,60,294,446.88,1.52,0.03,"Strides, Bangalore, India.",Yes,14.0,632.6,0.72,0,Yes,45.18571428571429,Potential Outlier,1.52
83418,151-NG-T30,FPQ-4537,SO-35130,DN-1788,Nigeria,PMO - US,From RDC,N/A - From RDC,Air Charter,2009-11-06,,2010-05-31,2010-05-18,2010-05-18,ARV,Adult,SCMS from RDC,"Stavudine 20mg, capsules, 60 Caps",Stavudine,Generic,20mg,Capsule,60,3250,4647.5,1.43,0.02,"Aurobindo Unit III, India",Yes,216.0,9736.1,10.02,-13,Yes,45.07453703703704,Potential Outlier,1.43
11381,107-RW-T01,Pre-PQ Process,SO-396,DN-43,Rwanda,PMO - US,From RDC,N/A - From RDC,Air,,,2007-03-17,2007-03-17,2007-03-17,ARV,Adult,SCMS from RDC,"Tenofovir Disoproxil Fumarate 300mg [Viread], tablets, 30 Tabs",Tenofovir Disoproxil Fumarate,Viread,300mg,Tablet,30,4000,68000.0,17.0,0.57,Gilead(Nycomed) Oranienburg DE,Yes,265.0,11931.0,,0,Yes,45.02264150943396,Potential Outlier,17.0
11280,100-PK-T01,Pre-PQ Process,SO-14930,DN-1004,Pakistan,PMO - US,From RDC,N/A - From RDC,Air,,,2008-11-17,2008-11-17,2008-11-17,HRDT,HIV test,SCMS from RDC,"HIV 1/2, Uni-Gold HIV Kit, 20 Tests","HIV 1/2, Uni-Gold HIV Kit",Uni-Gold,Unknown,Test kit,20,25,800.0,32.0,1.6,"Trinity Biotech, Plc",Yes,19.0,851.24,1.57,0,Yes,44.8021052631579,Potential Outlier,32.0
82839,154-NG-T30,FPQ-3815,SO-32273,DN-1333,Nigeria,PMO - US,From RDC,N/A - From RDC,Air,2009-05-26,,2009-09-17,2009-09-14,2009-09-14,ARV,Adult,SCMS from RDC,"Lamivudine/Nevirapine/Stavudine 150/200/30mg, tablets, 60 Tabs",Lamivudine/Nevirapine/Stavudine,Generic,150/200/30mg,Tablet - FDC,60,50,350.0,7.0,0.12,"Strides, Bangalore, India.",Yes,35.0,1567.51,0.69,-3,Yes,44.786,Potential Outlier,7.0
47870,102-SD-T30,FPQ-8261,SCMS-120462,ASN-12337,Sudan,PMO - US,Direct Drop,EXW,Air,2011-08-29,2011-09-07,2012-01-11,2012-01-11,2012-01-11,HRDT,HIV test,"Trinity Biotech, Plc","HIV 1/2, Uni-Gold HIV Kit, 20 Tests","HIV 1/2, Uni-Gold HIV Kit",Uni-Gold,Unknown,Test kit,20,39,1248.0,32.0,1.6,"Trinity Biotech, Plc",Yes,13.0,581.73,2.06,0,Yes,44.74846153846154,Potential Outlier,32.0
6196,104-CI-T01,Pre-PQ Process,SCMS-35780,ASN-3151,Côte d'Ivoire,PMO - US,Direct Drop,EXW,Air,,2008-12-19,2009-01-20,2009-01-20,2009-01-20,ANTM,Malaria,IDA FOUNDATION,"Quinine 300mg (as sulfate), tablets, Blister 100 x 10 Tabs",Quinine (as sulfate),Generic,300mg,Tablet - blister,1000,12,629.88,52.49,0.05,"Medopharm Malur Factory, INDIA",Yes,12.0,536.78,1.23,0,Yes,44.73166666666666,Potential Outlier,52.49
3674,107-RW-T01,Pre-PQ Process,SCMS-38690,ASN-3633,Rwanda,PMO - US,Direct Drop,EXW,Air,,2009-02-18,2009-04-01,2009-04-01,2009-04-01,HRDT,HIV test,"Orgenics, Ltd","HIV 1/2, Determine HIV Kit, without Lancets, 100 Tests","HIV 1/2, Determine HIV Kit, without Lancets",Determine,Unknown,Test kit,100,386,27020.0,70.0,0.7,Inverness Japan,Yes,88.0,3936.25,52.96,0,Yes,44.73011363636363,Potential Outlier,70.0
6693,102-GY-T01,Pre-PQ Process,SCMS-766,ASN-588,Guyana,PMO - US,Direct Drop,EXW,Air,,2007-07-06,2007-08-08,2007-08-08,2007-08-08,HRDT,HIV test,"CHEMBIO DIAGNOSTIC SYSTEMS, INC.","HIV 1/2, Stat-Pak HIV, Kit, 20 Tests","HIV 1/2, Stat-Pak HIV, Kit",Stat-Pak,Unknown,Test kit,20,50,1350.0,27.0,1.35,Chembio Diagnostics Sys. Inc.,Yes,13.0,581.1,2.16,0,Yes,44.7,Potential Outlier,27.0
24115,102-KE-T30,FPQ-9127,SCMS-134410,ASN-13751,Kenya,PMO - US,Direct Drop,CIP,Air,2012-01-13,2012-01-19,2012-02-21,2012-02-21,2012-02-21,HRDT,HIV test,EY Laboratories,"HIV 1/2, InstantChek HIV 1+2 Kit, 100 Tests","HIV 1/2, InstantChek HIV 1+2 Kit",InstantCHEK,Unknown,Test kit,100,15,1125.0,75.0,0.75,"EY Laboratories, USA",Yes,18.0,803.6,1.58,0,Yes,44.644444444444446,Potential Outlier,75.0
64051,107-RW-T30,FPQ-5792,SCMS-75800,ASN-8529,Rwanda,PMO - US,Direct Drop,EXW,Air,2010-06-07,2010-07-21,2010-11-17,2010-11-17,2010-11-17,HRDT,HIV test,"Orgenics, Ltd","HIV 1/2, Determine HIV Kit, without Lancets, 100 Tests","HIV 1/2, Determine HIV Kit, without Lancets",Determine,Unknown,Test kit,100,5000,388500.0,77.7,0.78,Inverness Japan,Yes,1134.0,50550.58,837.61,0,Yes,44.57723104056438,Potential Outlier,77.7
30977,114-UG-T30,FPQ-14070,SCMS-237170,ASN-26329,Uganda,PMO - US,Direct Drop,EXW,Air,2014-04-10,2014-04-30,2014-06-26,2014-06-26,2014-06-26,HRDT,HIV test,BIO-RAD LABORATORIES (FRANCE),"HIV 1/2, Genie III Kit, 50 Tests","HIV 1/2, Genie III Kit",Genie,Unknown,Test kit,50,30,2982.0,99.4,1.99,Bio-Rad Laboratories,Yes,19.0,846.03,3.07,0,Yes,44.52789473684211,Potential Outlier,99.4
83432,106-HT-T30,FPQ-5523,SO-36750,DN-1849,Haiti,PMO - US,From RDC,N/A - From RDC,Air,2010-04-19,,2010-06-30,2010-06-09,2010-06-09,ARV,Adult,SCMS from RDC,"Zidovudine 300mg, tablets, 60 Tabs",Zidovudine,Generic,300mg,Tablet,60,2520,18169.2,7.21,0.12,"Aurobindo Unit III, India",Yes,145.0,6438.37,39.17,-21,Yes,44.40255172413793,Potential Outlier,7.21
5283,108-VN-T01,Pre-PQ Process,SCMS-172,ASN-302,Vietnam,PMO - US,Direct Drop,CIP,Air,,2006-11-29,2007-04-16,2007-04-16,2007-04-16,ARV,Adult,ABBVIE LOGISTICS (FORMERLY ABBOTT LOGISTICS BV),"Lopinavir/Ritonavir 200/50mg [Aluvia], tablets, 120 Tabs",Lopinavir/Ritonavir,Aluvia,200/50mg,Tablet,120,1320,238682.4,180.82,1.51,ABBVIE (Abbott) Logis. UK,Yes,304.0,13453.12,,0,Yes,44.25368421052632,Potential Outlier,180.82
39615,103-ML-T30,FPQ-15006,SCMS-260770,ASN-31163,Mali,PMO - US,Direct Drop,EXW,Air,2014-10-07,2014-11-19,2015-05-13,2015-05-13,2015-05-13,HRDT,HIV test,"Orgenics, Ltd","HIV 1/2, ImmunoComb TriSpot Ag - Ab Kit, 36 Tests","HIV 1/2, ImmunoComb TriSpot Ag - Ab Kit",ImmunoComb,Unknown,Test kit,36,65,8125.0,125.0,3.47,"Alere Medical Co., Ltd.",Yes,24.0,1059.59,8.35,0,Yes,44.14958333333333,Potential Outlier,125.0
74683,109-TZ-T30,FPQ-7239,SCMS-102040,ASN-10625,Tanzania,PMO - US,Direct Drop,EXW,Air,2011-02-25,2011-03-23,2011-06-20,2011-06-20,2011-06-20,HRDT,HIV test,"Orgenics, Ltd","HIV 1/2, Determine Complete HIV Kit, 100 Tests","HIV 1/2, Determine Complete HIV Kit",Determine,Unknown,Test kit,100,86,6880.0,80.0,0.8,Inverness Japan,Yes,40.0,1765.86,11.35,0,Yes,44.1465,Potential Outlier,80.0
1110,104-CI-T01,Pre-PQ Process,SCMS-42230,ASN-4423,Côte d'Ivoire,PMO - US,Direct Drop,FCA,Air,,2009-03-30,2009-07-22,2009-07-22,2009-07-22,ARV,Adult,ABBVIE LOGISTICS (FORMERLY ABBOTT LOGISTICS BV),"Ritonavir 100mg [Norvir], capsules, cool, 4 x 84 Caps",Ritonavir,Norvir,100mg,Capsule,336,400,15344.0,38.36,0.11,ABBVIE (Abbott) Logis. UK,Yes,175.0,7642.97,30.07,0,Yes,43.67411428571429,Potential Outlier,38.36
37481,107-RW-T30,FPQ-5792,SCMS-75790,ASN-7839,Rwanda,PMO - US,Direct Drop,EXW,Air,2010-06-07,2010-07-22,2010-09-09,2010-09-09,2010-09-09,HRDT,HIV test,"Orgenics, Ltd","HIV 1/2, Determine HIV Kit, without Lancets, 100 Tests","HIV 1/2, Determine HIV Kit, without Lancets",Determine,Unknown,Test kit,100,5000,388500.0,77.7,0.78,Inverness Japan,Yes,1136.0,49573.62,837.61,0,Yes,43.63875,Potential Outlier,77.7
82990,107-RW-T30,FPQ-8372,SO-40960,DN-2429,Rwanda,PMO - US,From RDC,N/A - From RDC,Air,2011-10-19,,2011-11-24,2011-11-11,2011-11-11,ARV,Pediatric,SCMS from RDC,"Efavirenz 50mg, capsule, 30 Caps",Efavirenz,Generic,50mg,Capsule,30,500,1120.0,2.24,0.07,"Aurobindo Unit III, India",Yes,30.0,1309.03,1.85,-13,Yes,43.63433333333333,Potential Outlier,2.24
83992,114-UG-T30,FPQ-4496,SO-35000,DN-1751,Uganda,PMO - US,From RDC,N/A - From RDC,Truck,2009-10-28,,2010-04-12,2010-03-25,2010-03-25,ARV,Adult,SCMS from RDC,"Lamivudine/Zidovudine 150/300mg, tablets, 60 Tabs",Lamivudine/Zidovudine,Generic,150/300mg,Tablet - FDC,60,4200,36792.0,8.76,0.15,Hetero Unit III Hyderabad IN,Yes,275.0,11991.12,79.32,-18,Yes,43.60407272727273,Potential Outlier,8.76
56898,102-SD-T30,FPQ-8261,SCMS-120451,ASN-13274,Sudan,PMO - US,Direct Drop,EXW,Air,2011-08-29,2011-09-14,2012-02-03,2012-02-03,2012-02-03,HRDT,HIV test,"Orgenics, Ltd","HIV 1/2, Determine Complete HIV Kit, 100 Tests","HIV 1/2, Determine Complete HIV Kit",Determine,Unknown,Test kit,100,116,10324.0,89.0,0.89,"Alere Medical Co., Ltd.",Yes,45.0,1961.65,17.03,0,Yes,43.59222222222223,Potential Outlier,89.0
83022,106-HT-T30,FPQ-9441,SO-41650,DN-2600,Haiti,PMO - US,From RDC,N/A - From RDC,Air,2012-03-01,,2012-04-16,2012-03-28,2012-03-28,ARV,Adult,SCMS from RDC,"Tenofovir Disoproxil Fumarate 300mg, tablets, 30 Tabs",Tenofovir Disoproxil Fumarate,Generic,300mg,Tablet,30,192,1056.0,5.5,0.18,Mylan (formerly Matrix) Nashik,Yes,20.0,870.96,1.48,-19,Yes,43.548,Potential Outlier,5.5
78387,114-UG-T30,FPQ-5837,SCMS-80710,ASN-7974,Uganda,PMO - US,Direct Drop,DDU,Air,2010-06-25,2010-08-11,2010-09-01,2010-09-01,2010-09-01,ARV,Adult,ASPEN PHARMACARE,"Etravirine 100mg [Intelence], tablets, 120 Tabs",Etravirine,Intelence,100mg,Tablet,120,50,4199.01,83.98,0.7,"Janssen-Cilag, Latina, IT",Yes,10.0,435.0,9.05,0,Yes,43.5,Potential Outlier,83.98020000000001
51217,200-ZW-T30,FPQ-6488,SCMS-90690,ASN-13956,Zimbabwe,PMO - US,Direct Drop,FCA,Air,2010-10-26,2010-11-10,2012-04-02,2012-04-02,2012-04-02,ARV,Pediatric,ABBVIE LOGISTICS (FORMERLY ABBOTT LOGISTICS BV),"Lopinavir/Ritonavir 80/20mg/ml [Kaletra], oral solution, cool, Bottle 5 x 60 ml",Lopinavir/Ritonavir,Kaletra,80/20mg/ml,Oral solution,300,1251,38555.82,30.82,0.1,ABBVIE (Abbott) Logis. UK,Yes,1254.0,54424.24,83.13,0,Yes,43.40051036682616,Potential Outlier,30.82
38247,105-GY-T30,FPQ-12057,SCMS-189030,ASN-20003,Guyana,PMO - US,Direct Drop,EXW,Air,2013-04-15,2013-05-23,2013-07-01,2013-07-01,2013-07-01,ARV,Pediatric,Aurobindo Pharma Limited,"Zidovudine 100mg, capsules, 100 Caps",Zidovudine,Generic,100mg,Capsule,100,118,542.8,4.6,0.05,"Aurobindo Unit III, India",Yes,16.0,693.16,0.67,0,Yes,43.3225,Potential Outlier,4.6
71293,107-RW-T30,FPQ-13853,SCMS-244220,ASN-27693,Rwanda,PMO - US,Direct Drop,FCA,Air,2014-03-25,2014-06-30,2014-08-22,2014-08-22,2014-08-26,ARV,Pediatric,LAWRENCE LABORATORIES (SUBSIDIARY OF BRISTOL MYERS SQUIBB),"Atazanavir 150mg [Reyataz], capsules, 60 Caps",Atazanavir,Reyataz,150mg,Capsule,60,216,7311.6,33.85,0.56,"BMS Evansville, US",Yes,17.0,733.64,7.52,0,Yes,43.15529411764706,Potential Outlier,33.85
11711,100-HT-T01,Pre-PQ Process,SO-419,DN-111,Haiti,PMO - US,From RDC,N/A - From RDC,Unknown,,,2007-05-11,2007-05-11,2007-05-11,HRDT,HIV test,SCMS from RDC,"HIV 1/2, OraQuick Advance HIV Rapid Antibody Kit, 100 Tests","HIV 1/2, OraQuick Advance HIV Rapid Antibody Kit",OraQuick,Unknown,Test kit,100,10,4000.0,400.0,4.0,"Pacific Biotech, Thailand",Yes,24.0,1027.0,,0,Yes,42.79166666666666,Potential Outlier,400.0
83246,101-CD-T30,FPQ-13554,SO-47632,DN-3715,"Congo, DRC",PMO - US,From RDC,N/A - From RDC,Air,2014-01-15,,2014-05-30,2014-08-15,2014-09-05,ARV,Adult,SCMS from RDC,"Zidovudine 300mg, tablets, 60 Tabs",Zidovudine,Generic,300mg,Tablet,60,380,2120.4,5.58,0.09,"Aurobindo Unit III, India",Yes,21.0,895.38,2.18,77,No,42.637142857142855,Potential Outlier,5.58
53002,107-RW-T30,FPQ-9910,SCMS-147040,ASN-15275,Rwanda,PMO - US,Direct Drop,EXW,Air,2012-05-16,2012-06-01,2012-06-29,2012-06-29,2012-06-29,ARV,Adult,Aurobindo Pharma Limited,"Didanosine 400mg, delayed-release capsules, 30 Caps",Didanosine,Generic,400mg,Delayed-release capsules,30,1467,29340.0,20.0,0.67,"Aurobindo Unit III, India",Yes,114.0,4822.01,41.13,0,Yes,42.29833333333333,Potential Outlier,20.0
3926,100-CI-T01,Pre-PQ Process,SCMS-2,ASN-4,Côte d'Ivoire,PMO - US,Direct Drop,EXW,Air,,,2006-05-10,2006-05-10,2006-05-10,HRDT,HIV test,OMEGA DIAGNOSTICS LTD,"HIV 1/2, Visitect Kit, 25 Tests","HIV 1/2, Visitect Kit",Visitect,Unknown,Test kit,25,44,1375.0,31.25,1.25,"OMEGA Diagnostics, UK",Yes,15.0,633.73,,0,Yes,42.248666666666665,Potential Outlier,31.25
11017,114-UG-T01,Pre-PQ Process,SO-17780,DN-995,Uganda,PMO - US,From RDC,N/A - From RDC,Air,,,2008-12-02,2008-12-02,2008-12-02,ARV,Adult,SCMS from RDC,"Lamivudine 150mg, tablets, 60 Tabs",Lamivudine,Generic,150mg,Tablet,60,500,1450.0,2.9,0.05,"Aurobindo Unit III, India",Yes,26.0,1096.71,2.84,0,Yes,42.18115384615385,Potential Outlier,2.9
11041,114-UG-T01,Pre-PQ Process,SO-26150,DN-1223,Uganda,PMO - US,From RDC,N/A - From RDC,Air,,,2009-06-01,2009-06-01,2009-06-01,ARV,Adult,SCMS from RDC,"Emtricitabine/Tenofovir Disoproxil Fumarate 200/300mg [Truvada], tablets, 30 Tabs",Emtricitabine/Tenofovir Disoproxil Fumarate,Truvada,300/200mg,Tablet - FDC,30,260,6825.0,26.25,0.88,"Aspen-OSD, Port Elizabeth, SA",Yes,28.0,1180.71,13.38,0,Yes,42.168214285714285,Potential Outlier,26.25
10756,111-MZ-T01,Pre-PQ Process,SO-27880,DN-1174,Mozambique,PMO - US,From RDC,N/A - From RDC,Air,,,2009-05-14,2009-05-14,2009-05-14,ARV,Adult,SCMS from RDC,"Lamivudine 150mg, tablets, 60 Tabs",Lamivudine,Generic,150mg,Tablet,60,486,1409.4,2.9,0.05,Hetero Unit III Hyderabad IN,Yes,23.0,968.55,2.76,0,Yes,42.11086956521739,Potential Outlier,2.9000000000000004
1037,123-NG-T01,Pre-PQ Process,SCMS-39640,ASN-4747,Nigeria,PMO - US,Direct Drop,CIP,Air,,2009-03-04,2009-09-30,2009-09-30,2009-09-30,ARV,Adult,BRISTOL-MYERS SQUIBB,"Didanosine EC 400mg [Videx EC], delayed-release capsules, Blister 3 x 10 Caps",Didanosine EC,Videx EC,400mg,Delayed-release capsules - blister,30,200,4734.0,23.67,0.79,"BMS Meymac, France",Yes,11.0,463.0,9.28,0,Yes,42.09090909090909,Potential Outlier,23.67
5280,108-VN-T01,Pre-PQ Process,SCMS-476,ASN-387,Vietnam,PMO - US,Direct Drop,EXW,Air,,2006-11-14,2007-03-14,2007-05-16,2007-05-16,ARV,Pediatric,Aurobindo Pharma Limited,"Didanosine 100mg, chewable/dispersible tablets, 60 Tabs",Didanosine,Generic,100mg,Chewable/dispersible tablet,60,1700,17850.0,10.5,0.18,"Aurobindo Unit III, India",Yes,356.0,14982.1,,63,No,42.08455056179776,Potential Outlier,10.5
84093,105-GY-T30,FPQ-7621,SO-39710,DN-2235,Guyana,PMO - US,From RDC,N/A - From RDC,Air,2011-05-04,,2011-10-13,2011-06-24,2011-06-24,ARV,Adult,SCMS from RDC,"Lamivudine 150mg, tablets, 60 Tabs",Lamivudine,Generic,150mg,Tablet,60,514,1197.62,2.33,0.04,"Aurobindo Unit III, India",Yes,25.0,1052.04,1.98,-111,Yes,42.0816,Potential Outlier,2.33
5701,108-VN-T01,Pre-PQ Process,SCMS-20200,ASN-2017,Vietnam,PMO - US,Direct Drop,EXW,Air,,2008-03-31,2008-07-14,2008-07-14,2008-07-14,ARV,Adult,Aurobindo Pharma Limited,"Abacavir 300mg, tablets, 60 Tabs",Abacavir,Generic,300mg,Tablet,60,500,12500.0,25.0,0.42,"Aurobindo Unit III, India",Yes,124.0,5217.59,20.0,0,Yes,42.07733870967742,Potential Outlier,25.0
84762,151-NG-T30,FPQ-9968,SO-42687,DN-2906,Nigeria,PMO - US,From RDC,N/A - From RDC,Air,2012-05-23,,2012-11-06,2012-11-06,2012-11-06,ARV,Pediatric,SCMS from RDC,"Efavirenz 200mg, capsule, 90 Caps",Efavirenz,Generic,200mg,Capsule,90,2548,21046.48,8.26,0.09,"Aurobindo Unit III, India",Yes,370.0,15459.09,29.51,0,Yes,41.78132432432432,Potential Outlier,8.26
80250,108-VN-T30,FPQ-4719,SCMS-62250,ASN-6598,Vietnam,PMO - US,Direct Drop,EXW,Air,2010-01-04,2010-01-07,2010-05-17,2010-05-17,2010-05-17,ARV,Adult,MYLAN LABORATORIES LTD (FORMERLY MATRIX LABORATORIES),"Tenofovir Disoproxil Fumarate 300mg, tablets, 30 Tabs",Tenofovir Disoproxil Fumarate,Generic,300mg,Tablet,30,1344,10080.0,7.5,0.25,Mylan (formerly Matrix) Nashik,Yes,86.0,3573.32,21.73,0,Yes,41.550232558139534,Potential Outlier,7.5
3154,102-BW-T01,Pre-PQ Process,SCMS-22770,ASN-2234,Botswana,PMO - US,Direct Drop,EXW,Air,,2008-04-28,2009-01-20,2008-09-03,2008-09-03,HRDT,HIV test,"Orgenics, Ltd","HIV 1/2, Determine HIV Kit, without Lancets, 100 Tests","HIV 1/2, Determine HIV Kit, without Lancets",Determine,Unknown,Test kit,100,100,7199.0,71.99,0.72,Inverness Japan,Yes,25.0,1038.39,11.52,-139,Yes,41.5356,Potential Outlier,71.99
83569,104-CI-T30,FPQ-8787,SO-41171,DN-2545,Côte d'Ivoire,PMO - US,From RDC,N/A - From RDC,Air,2011-11-11,,2012-05-21,2012-03-01,2012-03-01,ARV,Adult,SCMS from RDC,"Lamivudine 150mg, tablets, 60 Tabs",Lamivudine,Generic,150mg,Tablet,60,10350,24115.5,2.33,0.04,"Aurobindo Unit III, India",Yes,495.0,20548.8,33.81,-81,Yes,41.51272727272727,Potential Outlier,2.33
63648,106-HT-T30,FPQ-6489,SCMS-90451,ASN-10748,Haiti,PMO - US,Direct Drop,CIP,Air,2010-10-20,2010-11-04,2011-05-11,2011-05-11,2011-05-11,ARV,Adult,MERCK SHARP & DOHME IDEA GMBH (FORMALLY MERCK SHARP & DOHME B.V.),"Indinavir 400mg [Crixivan], capsules, 180 Caps",Indinavir,Crixivan,400mg,Capsule,180,28,1400.0,50.0,0.28,"MSD, Haarlem, NL",Yes,7.0,290.0,3.02,0,Yes,41.42857142857143,Potential Outlier,50.0
64709,106-HT-T30,FPQ-7649,SCMS-108910,ASN-13616,Haiti,PMO - US,Direct Drop,CIP,Air,2011-04-27,2011-05-30,2012-02-13,2012-02-13,2012-02-13,ARV,Adult,MERCK SHARP & DOHME IDEA GMBH (FORMALLY MERCK SHARP & DOHME B.V.),"Indinavir 400mg [Crixivan], capsules, 180 Caps",Indinavir,Crixivan,400mg,Capsule,180,28,1400.0,50.0,0.28,"MSD, Haarlem, NL",Yes,7.0,290.0,2.31,0,Yes,41.42857142857143,Potential Outlier,50.0
77606,101-CD-T30,FPQ-12093,SCMS-189060,ASN-20772,"Congo, DRC",PMO - US,Direct Drop,FCA,Air,2013-04-23,2013-05-23,2013-11-20,2013-11-20,2013-11-26,ARV,Pediatric,ABBVIE LOGISTICS (FORMERLY ABBOTT LOGISTICS BV),"Lopinavir/Ritonavir 80/20mg/ml [Kaletra], oral solution, cool, Bottle 5 x 60 ml",Lopinavir/Ritonavir,Kaletra,80/20mg/ml,Oral solution,300,10,308.2,30.82,0.1,ABBVIE (Abbott) Logis. UK,Yes,38.0,1573.41,0.38,0,Yes,41.40552631578947,Potential Outlier,30.82
23070,102-MW-T30,FPQ-11638,SCMS-179341,ASN-21750,Malawi,PMO - US,Direct Drop,EXW,Air,2013-02-22,2013-03-14,2013-10-02,2013-10-02,2013-10-02,HRDT,HIV test,"Trinity Biotech, Plc","HIV 1/2, Uni-Gold HIV Kit, 20 Tests","HIV 1/2, Uni-Gold HIV Kit",Uni-Gold,Unknown,Test kit,20,32,1024.0,32.0,1.6,"Trinity Biotech, Plc",Yes,17.0,703.25,1.27,0,Yes,41.36764705882353,Potential Outlier,32.0
67739,104-CI-T30,FPQ-14068,SCMS-237930,ASN-26334,Côte d'Ivoire,PMO - US,Direct Drop,EXW,Air,2014-04-22,2014-05-07,2014-06-11,2014-06-11,2014-06-12,ARV,Adult,Aurobindo Pharma Limited,"Didanosine 250mg, delayed-release capsules, 30 Caps",Didanosine,Generic,250mg,Delayed-release capsules,30,1984,15038.72,7.58,0.25,"Aurobindo Unit III, India",Yes,46.0,1899.89,15.46,0,Yes,41.301956521739136,Potential Outlier,7.58
60160,106-HT-T30,FPQ-3948,SCMS-51130,ASN-4983,Haiti,PMO - US,Direct Drop,FCA,Air,2009-07-29,2009-08-19,2009-10-06,2009-10-06,2009-10-06,ARV,Pediatric,ABBVIE LOGISTICS (FORMERLY ABBOTT LOGISTICS BV),"Lopinavir/Ritonavir 100/25mg [Aluvia], tablets, 60 Tabs",Lopinavir/Ritonavir,Generic,100/25mg,Tablet,60,90,925.2,10.28,0.17,ABBVIE Ludwigshafen Germany,Yes,17.0,693.54,1.81,0,Yes,40.796470588235294,Potential Outlier,10.28
84357,105-GY-T30,FPQ-13567,SO-47740,DN-3640,Guyana,PMO - US,From RDC,N/A - From RDC,Air,2014-01-16,,2014-06-30,2014-04-25,2014-05-13,ARV,Pediatric,SCMS from RDC,"Abacavir 20mg/ml, oral solution w/syringe, Bottle, 240 ml",Abacavir,Generic,20mg/ml,Oral solution,240,36,301.68,8.38,0.03,"Aurobindo Unit III, India",Yes,22.0,892.96,0.31,-66,Yes,40.58909090909091,Potential Outlier,8.38
70230,107-RW-T30,FPQ-4032,SCMS-51670,ASN-5831,Rwanda,PMO - US,Direct Drop,EXW,Air,2009-08-05,2009-08-18,2010-02-16,2010-02-16,2010-02-16,HRDT,HIV test,"Orgenics, Ltd","HIV 1/2, Determine HIV Kit, without Lancets, 100 Tests","HIV 1/2, Determine HIV Kit, without Lancets",Determine,Unknown,Test kit,100,5085,355950.0,70.0,0.7,Inverness Japan,Yes,1154.0,46723.42,697.66,0,Yes,40.48823223570191,Potential Outlier,70.0
46209,107-RW-T30,FPQ-4032,SCMS-51680,ASN-4976,Rwanda,PMO - US,Direct Drop,EXW,Air,2009-08-05,2009-08-18,2009-10-27,2009-10-27,2009-10-27,HRDT,HIV test,"Orgenics, Ltd","HIV 1/2, Determine HIV Kit, without Lancets, 100 Tests","HIV 1/2, Determine HIV Kit, without Lancets",Determine,Unknown,Test kit,100,5084,355880.0,70.0,0.7,Inverness Japan,Yes,1153.0,46638.41,697.52,0,Yes,40.449618386817,Potential Outlier,70.0
58808,108-VN-T30,FPQ-9001,SCMS-131640,ASN-14546,Vietnam,PMO - US,Direct Drop,EXW,Air,2011-12-15,2012-01-18,2012-05-14,2012-05-14,2012-05-14,ARV,Pediatric,Aurobindo Pharma Limited,"Efavirenz 50mg, capsule, 30 Caps",Efavirenz,Generic,50mg,Capsule,30,435,974.4,2.24,0.07,"Aurobindo Unit III, India",Yes,25.0,1003.65,1.37,0,Yes,40.146,Potential Outlier,2.24
6381,108-VN-T01,Pre-PQ Process,SCMS-40390,ASN-3673,Vietnam,PMO - US,Direct Drop,CIP,Air,,2009-03-06,2009-03-26,2009-03-26,2009-03-26,ARV,Pediatric,BRISTOL-MYERS SQUIBB,"Didanosine 100mg [Videx],chewable tablets, 60 Tabs",Didanosine,Videx,100mg,Chewable/dispersible tablet,60,260,3315.0,12.75,0.21,"BMS Meymac, France",Yes,56.0,2246.81,6.5,0,Yes,40.12160714285714,Potential Outlier,12.75
47035,103-AO-T30,FPQ-11252,SCMS-171790,ASN-17969,Angola,PMO - US,Direct Drop,EXW,Air,2012-12-12,2013-01-11,2013-03-12,2013-03-12,2013-03-12,ARV,Pediatric,Aurobindo Pharma Limited,"Efavirenz 50mg, capsule, 30 Caps",Efavirenz,Generic,50mg,Capsule,30,360,806.4,2.24,0.07,"Aurobindo Unit III, India",Yes,21.0,840.17,1.0,0,Yes,40.00809523809524,Potential Outlier,2.24
82424,104-CI-T30,FPQ-8295,SO-40791,DN-2459,Côte d'Ivoire,PMO - US,From RDC,N/A - From RDC,Truck,2011-08-25,,2012-02-06,2012-02-06,2012-02-06,ARV,Pediatric,SCMS from RDC,"Didanosine 200mg, chewable/dispersible tablets, 60 Tabs",Didanosine,Generic,200mg,Chewable/dispersible tablet,60,3765,56475.0,15.0,0.25,"Aurobindo Unit III, India",Yes,303.0,12102.81,93.18,0,Yes,39.94326732673267,Potential Outlier,15.0
85999,151-NG-T30,FPQ-11864,SO-44921,DN-3322,Nigeria,PMO - US,From RDC,N/A - From RDC,Air Charter,2013-03-14,,2013-09-20,2013-09-12,2013-09-12,ARV,Adult,SCMS from RDC,"Efavirenz 600mg, tablets, 30 Tabs",Efavirenz,Generic,600mg,Tablet,30,8917,29693.61,3.33,0.11,"Aurobindo Unit III, India",Yes,857.0,34218.36,36.73,-8,Yes,39.92807467911319,Potential Outlier,3.33
82347,104-CI-T30,FPQ-5925,SO-37141,DN-1983,Côte d'Ivoire,PMO - US,From RDC,N/A - From RDC,Air,2010-06-23,,2010-08-31,2010-08-23,2010-08-23,ARV,Adult,SCMS from RDC,"Stavudine 30mg, capsules, 60 Caps",Stavudine,Generic,30mg,Capsule,60,5670,7994.7,1.41,0.02,"Strides, Bangalore, India.",Yes,317.0,12648.36,17.24,-8,Yes,39.90018927444795,Potential Outlier,1.41
60547,117-ET-T30,FPQ-9209,SCMS-134710,ASN-14556,Ethiopia,PMO - US,Direct Drop,EXW,Air,2012-01-18,2012-01-23,2012-04-26,2012-04-26,2012-04-26,HRDT,HIV test,"Trinity Biotech, Plc","HIV 1/2, Uni-Gold HIV Kit, 20 Tests","HIV 1/2, Uni-Gold HIV Kit",Uni-Gold,Unknown,Test kit,20,24,768.0,32.0,1.6,"Trinity Biotech, Plc",Yes,8.0,315.44,1.08,0,Yes,39.43,Potential Outlier,32.0
64452,106-HT-T30,FPQ-11287,SCMS-176390,ASN-20894,Haiti,PMO - US,Direct Drop,EXW,Air,2013-01-16,2013-02-05,2013-08-20,2013-08-20,2013-08-20,ARV,Adult,HETERO LABS LIMITED,"Lamivudine/Stavudine 150/30mg, tablets, 60 Tabs",Lamivudine/Stavudine,Generic,150/30mg,Tablet - FDC,60,384,956.16,2.49,0.04,Hetero Unit III Hyderabad IN,Yes,30.0,1180.73,1.18,0,Yes,39.35766666666667,Potential Outlier,2.49
11570,112-NG-T01,Pre-PQ Process,SO-2729,DN-1008,Nigeria,PMO - US,From RDC,N/A - From RDC,Air,,,2008-11-17,2008-11-17,2008-11-17,ARV,Adult,SCMS from RDC,"Stavudine 30mg, capsules, 60 Caps",Stavudine,Generic,30mg,Capsule,60,948,1469.4,1.55,0.03,"Aurobindo Unit III, India",Yes,127.0,4984.4,2.88,0,Yes,39.24724409448819,Potential Outlier,1.55
12827,112-NG-T01,Pre-PQ Process,SO-11032,DN-920,Nigeria,PMO - US,From RDC,N/A - From RDC,Air,,,2008-09-26,2008-09-26,2008-09-26,ARV,Adult,SCMS from RDC,"Lopinavir/Ritonavir 200/50mg [Aluvia], tablets, 120 Tabs",Lopinavir/Ritonavir,Aluvia,200/50mg,Tablet,120,94,3863.4,41.1,0.34,ABBVIE Ludwigshafen Germany,Yes,27.0,1058.0,6.18,0,Yes,39.18518518518518,Potential Outlier,41.1
50752,103-ML-T30,FPQ-15006,SCMS-260740,ASN-30241,Mali,PMO - US,Direct Drop,EXW,Air,2014-10-07,2014-11-19,2015-02-18,2015-02-18,2015-02-25,HRDT,HIV test,"Orgenics, Ltd","HIV 1/2, Determine Complete HIV Kit, 100 Tests","HIV 1/2, Determine Complete HIV Kit",Determine,Unknown,Test kit,100,150,12000.0,80.0,0.8,"Alere Medical Co., Ltd.",Yes,66.0,2572.91,12.34,0,Yes,38.98348484848485,Potential Outlier,80.0
66626,114-UG-T30,FPQ-14070,SCMS-237180,ASN-31555,Uganda,PMO - US,Direct Drop,EXW,Air,2014-04-10,2014-04-30,2015-04-17,2015-04-17,2015-04-20,HRDT,HIV test,BIO-RAD LABORATORIES (FRANCE),"HIV 1/2, Genie III Kit, 50 Tests","HIV 1/2, Genie III Kit",Genie,Unknown,Test kit,50,30,2982.0,99.4,1.99,Bio-Rad Laboratories,Yes,17.0,660.77,3.07,0,Yes,38.86882352941176,Potential Outlier,99.4
30257,102-ML-T30,FPQ-10104,SCMS-153780,ASN-16454,Mali,PMO - US,Direct Drop,EXW,Air,2012-07-05,2012-07-31,2012-10-19,2012-10-19,2012-10-19,HRDT,HIV test,"Orgenics, Ltd","HIV 1/2, Determine Complete HIV Kit, 100 Tests","HIV 1/2, Determine Complete HIV Kit",Determine,Unknown,Test kit,100,184,14720.0,80.0,0.8,"Alere Medical Co., Ltd.",Yes,84.0,3252.26,20.64,0,Yes,38.71738095238096,Potential Outlier,80.0
45400,108-VN-T30,FPQ-4302,SCMS-53720,ASN-5183,Vietnam,PMO - US,Direct Drop,FCA,Air,2009-09-18,2009-09-24,2009-11-03,2009-11-03,2009-11-03,ARV,Adult,ABBVIE LOGISTICS (FORMERLY ABBOTT LOGISTICS BV),"Ritonavir 100mg [Norvir], capsules, cool, 4 x 84 Caps",Ritonavir,Norvir,100mg,Capsule,336,40,3068.8,76.72,0.23,ABBVIE (Abbott) Logis. UK,Yes,114.0,4410.73,6.01,0,Yes,38.69061403508771,Potential Outlier,76.72
82351,105-GY-T30,FPQ-6306,SO-37390,DN-2016,Guyana,PMO - US,From RDC,N/A - From RDC,Air,2010-08-27,,2010-11-23,2010-09-19,2010-09-19,ARV,Adult,SCMS from RDC,"Abacavir 300mg, tablets, 60 Tabs",Abacavir,Generic,300mg,Tablet,60,330,5425.2,16.44,0.27,Mylan (formerly Matrix) Nashik,Yes,86.0,3307.86,11.7,-65,Yes,38.46348837209303,Potential Outlier,16.439999999999998
84726,107-RW-T30,FPQ-9912,SO-42150,DN-2674,Rwanda,PMO - US,From RDC,N/A - From RDC,Air,2012-05-11,,2012-06-29,2012-06-01,2012-06-01,ARV,Adult,SCMS from RDC,"Lamivudine/Zidovudine 150/300mg, tablets, 60 Tabs",Lamivudine/Zidovudine,Generic,150/300mg,Tablet - FDC,60,30480,237134.4,7.78,0.13,Mylan (formerly Matrix) Nashik,Yes,698.0,26845.35,332.46,-28,Yes,38.46038681948424,Potential Outlier,7.78
3094,108-VN-T01,Pre-PQ Process,SCMS-20181,ASN-2023,Vietnam,PMO - US,Direct Drop,EXW,Air,,2008-03-31,2008-07-07,2008-07-07,2008-07-07,ARV,Adult,Aurobindo Pharma Limited,"Abacavir 300mg, tablets, 60 Tabs",Abacavir,Generic,300mg,Tablet,60,520,13000.0,25.0,0.42,"Aurobindo Unit III, India",Yes,137.0,5260.46,20.8,0,Yes,38.39751824817518,Potential Outlier,25.0
11028,106-HT-T01,Pre-PQ Process,SO-2603,DN-866,Haiti,PMO - US,From RDC,N/A - From RDC,Air,,,2008-08-11,2008-08-11,2008-08-11,ARV,Pediatric,SCMS from RDC,"Efavirenz 200mg, capsule, 90 Caps",Efavirenz,Generic,200mg,Capsule,90,210,3360.0,16.0,0.18,"Aurobindo Unit III, India",Yes,26.0,997.46,5.38,0,Yes,38.36384615384616,Potential Outlier,16.0
83649,151-NG-T30,FPQ-10477,SO-43046,DN-2998,Nigeria,PMO - US,From RDC,N/A - From RDC,Air Charter,2012-08-09,,2013-02-11,2013-02-11,2013-02-11,ARV,Adult,SCMS from RDC,"Tenofovir Disoproxil Fumarate 300mg, tablets, 30 Tabs",Tenofovir Disoproxil Fumarate,Generic,300mg,Tablet,30,7395,29875.8,4.04,0.13,Mylan (formerly Matrix) Nashik,Yes,779.0,29780.5,41.89,0,Yes,38.22913992297818,Potential Outlier,4.04
41368,106-HT-T30,FPQ-4389,SCMS-58050,ASN-7024,Haiti,PMO - US,Direct Drop,FCA,Air,2009-11-03,2009-11-23,2010-06-29,2010-06-29,2010-06-29,ARV,Pediatric,ABBVIE LOGISTICS (FORMERLY ABBOTT LOGISTICS BV),"Lopinavir/Ritonavir 80/20mg/ml [Kaletra], oral solution, cool, Bottle 5 x 60 ml",Lopinavir/Ritonavir,Kaletra,80/20mg/ml,Oral solution,300,50,1808.0,36.16,0.12,ABBVIE (Abbott) Logis. UK,Yes,100.0,3806.01,3.9,0,Yes,38.060100000000006,Potential Outlier,36.16
29061,102-SD-T30,FPQ-8261,SCMS-120452,ASN-13273,Sudan,PMO - US,Direct Drop,EXW,Air,2011-08-29,2011-09-14,2012-02-03,2012-02-03,2012-02-03,HRDT,HIV test,"Orgenics, Ltd","HIV 1/2, Determine Complete HIV Kit, 100 Tests","HIV 1/2, Determine Complete HIV Kit",Determine,Unknown,Test kit,100,70,6230.0,89.0,0.89,"Alere Medical Co., Ltd.",Yes,33.0,1255.77,10.28,0,Yes,38.053636363636365,Potential Outlier,89.0
23023,153-NA-T30,FPQ-9698,SCMS-144310,ASN-15069,Namibia,PMO - US,Direct Drop,EXW,Air,2012-04-12,2012-05-02,2012-07-05,2012-07-05,2012-07-05,HRDT,HIV test,"Orgenics, Ltd","HIV 1/2, Determine HIV Kit, without Lancets, 100 Tests","HIV 1/2, Determine HIV Kit, without Lancets",Determine,Unknown,Test kit,100,75,5827.5,77.7,0.78,Inverness Japan,Yes,19.0,718.32,8.17,0,Yes,37.806315789473686,Potential Outlier,77.7
17003,111-MZ-T30,FPQ-13134,SCMS-215580,ASN-24545,Mozambique,PMO - US,Direct Drop,FCA,Air,2013-11-12,2013-11-26,2014-03-07,2014-03-07,2014-03-15,ARV,Adult,ABBVIE LOGISTICS (FORMERLY ABBOTT LOGISTICS BV),"Ritonavir 100mg [Norvir], film coated tablets, 60 Tabs",Ritonavir,Norvir,100mg,Tablet,60,120,822.0,6.85,0.11,ABBVIE Ludwigshafen Germany,Yes,22.0,828.76,0.85,0,Yes,37.67090909090909,Potential Outlier,6.85
66277,114-UG-T30,FPQ-9365,SCMS-142300,ASN-14824,Uganda,PMO - US,Direct Drop,DDP,Air,2012-03-15,2012-04-17,2012-05-10,2012-05-10,2012-05-10,ARV,Adult,ASPEN PHARMACARE,"Darunavir 300mg [Prezista], tablets, 120 Tabs",Darunavir,Prezista,300mg,Tablet,120,100,6660.0,66.6,0.55,"Aspen-OSD, Port Elizabeth, SA",Yes,14.0,527.0,9.34,0,Yes,37.642857142857146,Potential Outlier,66.6
65243,106-HT-T30,FPQ-6519,SCMS-91000,ASN-10144,Haiti,PMO - US,Direct Drop,CIP,Air,2010-10-25,2010-11-02,2011-03-30,2011-03-30,2011-03-30,ARV,Adult,BRISTOL-MYERS SQUIBB,"Didanosine EC 400mg [Videx EC], delayed-release capsules, Blister 3 x 10 Caps",Didanosine EC,Videx EC,400mg,Delayed-release capsules - blister,30,240,4401.6,18.34,0.61,Bristol-Myers Squibb Anagni IT,Yes,12.0,450.0,7.26,0,Yes,37.5,Potential Outlier,18.34
11051,153-NG-T01,Pre-PQ Process,SO-31171,DN-1260,Nigeria,PMO - US,From RDC,N/A - From RDC,Air,,,2009-06-05,2009-06-05,2009-06-05,ARV,Adult,SCMS from RDC,"Lamivudine/Zidovudine 150/300mg, tablets, 60 Tabs",Lamivudine/Zidovudine,Generic,150/300mg,Tablet - FDC,60,264,2312.64,8.76,0.15,Mylan (formerly Matrix) Nashik,Yes,27.0,1012.18,4.53,0,Yes,37.48814814814815,Potential Outlier,8.76
11040,105-GY-T01,Pre-PQ Process,SO-25160,DN-1213,Guyana,PMO - US,From RDC,N/A - From RDC,Air,,,2009-05-12,2009-05-12,2009-05-12,ARV,Adult,SCMS from RDC,"Zidovudine 300mg, tablets, 60 Tabs",Zidovudine,Generic,300mg,Tablet,60,489,3770.19,7.71,0.13,"Aurobindo Unit III, India",Yes,28.0,1047.24,7.39,0,Yes,37.401428571428575,Potential Outlier,7.71
26617,114-UG-T30,FPQ-9365,SCMS-142240,ASN-14834,Uganda,PMO - US,Direct Drop,CIP,Air,2012-03-15,2012-04-04,2012-05-21,2012-05-21,2012-05-21,ARV,Adult,MERCK SHARP & DOHME IDEA GMBH (FORMALLY MERCK SHARP & DOHME B.V.),"Raltegravir 400mg [Isentress], tablets, 60 Tabs",Raltegravir,Isentress,400mg,Tablet,60,189,10489.5,55.5,0.92,"MSD, Haarlem, NL",Yes,19.0,710.0,14.71,0,Yes,37.36842105263158,Potential Outlier,55.5
82869,114-UG-T30,FPQ-4497,SO-34870,DN-1733,Uganda,PMO - US,From RDC,N/A - From RDC,Air,2009-10-28,,2010-03-31,2010-03-19,2010-03-19,ARV,Adult,SCMS from RDC,"Efavirenz 600mg, tablets, 30 Tabs",Efavirenz,Generic,600mg,Tablet,30,1000,5130.0,5.13,0.17,"Aurobindo Unit III, India",Yes,95.0,3549.77,11.06,-12,Yes,37.366,Potential Outlier,5.13
66438,106-HT-T30,FPQ-11286,SCMS-176320,ASN-18407,Haiti,PMO - US,Direct Drop,EXW,Air,2013-01-16,2013-02-05,2013-03-11,2013-03-11,2013-03-11,ARV,Adult,Aurobindo Pharma Limited,"Didanosine 400mg, delayed-release capsules, 30 Caps",Didanosine,Generic,400mg,Delayed-release capsules,30,384,7680.0,20.0,0.67,"Aurobindo Unit III, India",Yes,30.0,1119.09,9.5,0,Yes,37.303,Potential Outlier,20.0
84121,114-UG-T30,FPQ-8520,SO-40911,DN-2435,Uganda,PMO - US,From RDC,N/A - From RDC,Truck,2011-10-05,,2012-01-09,2011-12-01,2011-12-01,ARV,Adult,SCMS from RDC,"Efavirenz 600mg, tablets, 30 Tabs",Efavirenz,Generic,600mg,Tablet,30,10000,41200.0,4.12,0.14,"Strides, Bangalore, India.",Yes,1051.0,39130.38,67.98,-39,Yes,37.23156993339676,Potential Outlier,4.12
1797,108-VN-T01,Pre-PQ Process,SCMS-23370,ASN-2523,Vietnam,PMO - US,Direct Drop,CIP,Air,,2008-05-13,2008-10-03,2008-10-03,2008-10-03,ARV,Pediatric,BRISTOL-MYERS SQUIBB,"Didanosine 25mg [Videx], chewable tablets, 60 Tabs",Didanosine,Videx,25mg,Chewable/dispersible tablet,60,400,2800.0,7.0,0.12,"BMS Meymac, France",Yes,81.0,3013.09,4.48,0,Yes,37.19864197530865,Potential Outlier,7.0
63289,800-CM-T30,FPQ-12570,SCMS-200900,ASN-22171,Cameroon,PMO - US,Direct Drop,EXW,Air,2013-07-10,2013-08-06,2013-11-09,2013-11-09,2013-11-20,HRDT,HIV test,"Orgenics, Ltd","HIV 1/2, Determine Complete HIV Kit, 100 Tests","HIV 1/2, Determine Complete HIV Kit",Determine,Unknown,Test kit,100,5000,400000.0,80.0,0.8,"Alere Medical Co., Ltd.",Yes,1238.0,46044.38,494.8,0,Yes,37.19255250403877,Potential Outlier,80.0
82203,106-HT-T30,FPQ-11285,SCMS-176250,ASN-18844,Haiti,PMO - US,Direct Drop,FCA,Air,2013-01-16,2013-02-05,2013-04-11,2013-04-11,2013-04-11,ARV,Pediatric,LAWRENCE LABORATORIES (SUBSIDIARY OF BRISTOL MYERS SQUIBB),"Didanosine 2g [Videx], powder for oral solution 10mg/ml, reconstitute to 200 ml",Didanosine,Videx,2g,Powder for oral solution,200,98,1233.82,12.59,0.06,Bristol-Myers Squibb Anagni IT,Yes,22.0,817.99,1.53,0,Yes,37.18136363636364,Potential Outlier,12.59
33544,111-MZ-T30,FPQ-11923,SCMS-187130,ASN-21340,Mozambique,PMO - US,Direct Drop,FCA,Air,2013-04-19,2013-04-25,2013-09-30,2013-09-30,2013-09-30,ARV,Adult,ABBVIE LOGISTICS (FORMERLY ABBOTT LOGISTICS BV),"Ritonavir 100mg [Norvir], film coated tablets, 60 Tabs",Ritonavir,Norvir,100mg,Tablet,60,168,1150.8,6.85,0.11,ABBVIE Ludwigshafen Germany,Yes,23.0,851.62,1.42,0,Yes,37.02695652173913,Potential Outlier,6.85
57513,102-AO-T30,FPQ-6434,SCMS-91620,ASN-9640,Angola,PMO - US,Direct Drop,EXW,Air,2010-10-28,2010-11-10,2011-04-14,2011-04-14,2011-04-14,HRDT,HIV test,"Trinity Biotech, Plc","HIV 1/2, Uni-Gold HIV Kit, 20 Tests","HIV 1/2, Uni-Gold HIV Kit",Uni-Gold,Unknown,Test kit,20,500,16000.0,32.0,1.6,"Trinity Biotech, Plc",Yes,260.0,9597.9,34.5,0,Yes,36.915,Potential Outlier,32.0
12981,105-SS-T30,FPQ-11754,SCMS-181400,ASN-19428,South Sudan,PMO - US,Direct Drop,EXW,Air,2013-02-22,2013-04-01,2013-08-16,2013-08-16,2013-08-16,HRDT,HIV test,"Orgenics, Ltd","HIV 1/2, Determine Complete HIV Kit, 100 Tests","HIV 1/2, Determine Complete HIV Kit",Determine,Unknown,Test kit,100,90,8010.0,89.0,0.89,"Alere Medical Co., Ltd.",Yes,39.0,1434.98,9.91,0,Yes,36.79435897435898,Potential Outlier,89.0
37152,114-UG-T30,FPQ-4320,SCMS-58160,ASN-5935,Uganda,PMO - US,Direct Drop,EXW,Air,2009-11-16,2009-11-25,2010-02-02,2010-02-02,2010-02-02,ARV,Pediatric,EMCURE PHARMACEUTICALS LTD,"Atazanavir 150mg, capsules, 60 Caps",Atazanavir,Generic,150mg,Capsule,60,240,6261.6,26.09,0.43,"Emcure Plot No.P-2, I.T-B.T. Park, Phase II, MIDC, Hinjwadi, Pune, India",Yes,25.0,915.09,12.27,0,Yes,36.6036,Potential Outlier,26.09
59743,102-MW-T30,FPQ-9568,SCMS-144170,ASN-15308,Malawi,PMO - US,Direct Drop,EXW,Air,2012-04-11,2012-04-24,2012-07-13,2012-07-13,2012-07-13,HRDT,HIV test,"Trinity Biotech, Plc","HIV 1/2, Uni-Gold HIV Kit, 20 Tests","HIV 1/2, Uni-Gold HIV Kit",Uni-Gold,Unknown,Test kit,20,246,7872.0,32.0,1.6,"Trinity Biotech, Plc",Yes,86.0,3133.86,11.04,0,Yes,36.440232558139535,Potential Outlier,32.0
72557,114-UG-T30,FPQ-12154,SCMS-188330,ASN-20241,Uganda,PMO - US,Direct Drop,EXW,Air,2013-04-23,2013-05-09,2013-07-11,2013-07-15,2013-07-15,HRDT,HIV test,"Orgenics, Ltd","HIV 1/2, Determine Complete HIV Kit, 100 Tests","HIV 1/2, Determine Complete HIV Kit",Determine,Unknown,Test kit,100,3032,242560.0,80.0,0.8,"Alere Medical Co., Ltd.",Yes,1317.0,47892.57,300.05,4,No,36.36489749430524,Potential Outlier,80.0
18881,102-BW-T30,FPQ-6645,SCMS-92610,ASN-9635,Botswana,PMO - US,Direct Drop,EXW,Air,2010-11-11,2010-12-02,2011-03-16,2011-03-16,2011-03-16,HRDT,HIV test,"Trinity Biotech, Plc","HIV 1/2, Uni-Gold HIV Kit, 20 Tests","HIV 1/2, Uni-Gold HIV Kit",Uni-Gold,Unknown,Test kit,20,50,1600.0,32.0,1.6,"Trinity Biotech, Plc",Yes,17.0,617.79,2.64,0,Yes,36.34058823529411,Potential Outlier,32.0
69162,101-CD-T30,FPQ-14717,SCMS-251440,ASN-28024,"Congo, DRC",PMO - US,Direct Drop,EXW,Air,2014-07-28,2014-08-20,2014-12-19,2014-12-19,2015-01-26,ARV,Pediatric,Aurobindo Pharma Limited,"Didanosine 200mg, delayed-release capsules, 30 Caps",Didanosine,Generic,200mg,Delayed-release capsules,30,550,6050.0,11.0,0.37,"Aurobindo Unit III, India",Yes,54.0,1961.49,6.22,0,Yes,36.32388888888889,Potential Outlier,11.0
82540,102-ZW-T30,FPQ-9927,SO-42290,DN-2988,Zimbabwe,PMO - US,From RDC,N/A - From RDC,Truck,2012-05-15,,2013-02-11,2013-02-11,2013-02-11,ARV,Adult,SCMS from RDC,"Lamivudine/Zidovudine 150/300mg, tablets, 60 Tabs",Lamivudine/Zidovudine,Generic,150/300mg,Tablet - FDC,60,7867,57193.09,7.27,0.12,"Cipla, Goa, India",Yes,704.0,25568.0,80.18,0,Yes,36.31818181818182,Potential Outlier,7.27
52629,104-CI-T30,FPQ-6252,SCMS-85440,ASN-8566,Côte d'Ivoire,PMO - US,Direct Drop,EXW,Air,2010-08-26,2010-09-16,2010-11-22,2010-11-22,2010-11-22,HRDT,HIV test,"Orgenics, Ltd","HIV 1/2, Determine HIV Kit, without Lancets, 100 Tests","HIV 1/2, Determine HIV Kit, without Lancets",Determine,Unknown,Test kit,100,275,21367.5,77.7,0.78,Inverness Japan,Yes,64.0,2319.8,46.07,0,Yes,36.246875,Potential Outlier,77.7
48438,114-UG-T30,FPQ-6504,SCMS-91710,ASN-9454,Uganda,PMO - US,Direct Drop,CIP,Air,2010-10-31,2010-11-18,2011-01-27,2011-01-27,2011-01-27,ARV,Adult,MERCK SHARP & DOHME IDEA GMBH (FORMALLY MERCK SHARP & DOHME B.V.),"Raltegravir 400mg [Isentress], tablets, 60 Tabs",Raltegravir,Isentress,400mg,Tablet,60,223,20404.5,91.5,1.52,"MSD, Haarlem, NL",Yes,21.0,761.0,33.67,0,Yes,36.23809523809524,Potential Outlier,91.5
30850,102-SD-T30,FPQ-8261,SCMS-120450,ASN-13276,Sudan,PMO - US,Direct Drop,EXW,Air,2011-08-29,2011-09-14,2012-02-03,2012-02-03,2012-02-03,HRDT,HIV test,"Orgenics, Ltd","HIV 1/2, Determine Complete HIV Kit, 100 Tests","HIV 1/2, Determine Complete HIV Kit",Determine,Unknown,Test kit,100,105,9345.0,89.0,0.89,"Alere Medical Co., Ltd.",Yes,49.0,1768.15,15.42,0,Yes,36.08469387755103,Potential Outlier,89.0
10736,112-NG-T01,Pre-PQ Process,SO-22530,DN-1081,Nigeria,PMO - US,From RDC,N/A - From RDC,Air,,,2009-02-16,2009-02-16,2009-02-16,ARV,Adult,SCMS from RDC,"Lamivudine/Zidovudine 150/300mg, tablets, 60 Tabs",Lamivudine/Zidovudine,Generic,150/300mg,Tablet - FDC,60,1116,10434.6,9.35,0.16,"Aurobindo Unit III, India",Yes,102.0,3680.33,20.45,0,Yes,36.08166666666666,Potential Outlier,9.35
28306,105-SS-T30,FPQ-11754,SCMS-181401,ASN-20649,South Sudan,PMO - US,Direct Drop,EXW,Air,2013-02-22,2013-04-01,2013-09-13,2013-09-13,2013-09-13,HRDT,HIV test,"Orgenics, Ltd","HIV 1/2, Determine Complete HIV Kit, 100 Tests","HIV 1/2, Determine Complete HIV Kit",Determine,Unknown,Test kit,100,90,8010.0,89.0,0.89,"Alere Medical Co., Ltd.",Yes,39.0,1405.56,9.91,0,Yes,36.04,Potential Outlier,89.0
80423,114-UG-T30,FPQ-6504,SCMS-91720,ASN-9221,Uganda,PMO - US,Direct Drop,EXW,Air,2010-10-31,2010-11-18,2010-12-31,2010-12-31,2010-12-31,ARV,Adult,ASPEN PHARMACARE,"Darunavir 300mg [Prezista], tablets, 120 Tabs",Darunavir,Prezista,300mg,Tablet,120,175,15750.0,90.0,0.75,"Aspen-OSD, Port Elizabeth, SA",Yes,37.0,1333.01,25.99,0,Yes,36.027297297297295,Potential Outlier,90.0
82854,104-CI-T30,FPQ-4378,SO-34440,DN-1621,Côte d'Ivoire,PMO - US,From RDC,N/A - From RDC,Air,2009-10-15,,2010-02-08,2010-01-23,2010-01-23,ARV,Pediatric,SCMS from RDC,"Abacavir 20mg/ml, oral solution, Bottle, 240 ml",Abacavir,Generic,20mg/ml,Oral solution,240,400,5856.0,14.64,0.06,"Aurobindo Unit III, India",Yes,146.0,5254.09,11.48,-16,Yes,35.98691780821918,Potential Outlier,14.64
11501,119-NA-T01,Pre-PQ Process,SO-1451,DN-490,Namibia,PMO - US,From RDC,N/A - From RDC,Air,,,2007-12-06,2007-12-06,2007-12-06,HRDT,HIV test,SCMS from RDC,"HIV 1/2, Clearview Complete Kit, 25 Tests","HIV 1/2, Clearview Complete Kit",Clearview,Unknown,Test kit,25,70,5250.0,75.0,3.0,Inverness USA,Yes,43.0,1542.15,8.4,0,Yes,35.8639534883721,Potential Outlier,75.0
46129,111-MZ-T30,FPQ-6562,SCMS-93760,ASN-9741,Mozambique,PMO - US,Direct Drop,EXW,Air,2010-11-16,2011-01-12,2011-03-10,2011-03-10,2011-03-10,HRDT,HIV test,"Orgenics, Ltd","HIV 1/2, Determine Complete HIV Kit, 100 Tests","HIV 1/2, Determine Complete HIV Kit",Determine,Unknown,Test kit,100,61,4739.7,77.7,0.78,Inverness Japan,Yes,28.0,1001.47,7.82,0,Yes,35.76678571428572,Potential Outlier,77.7
28545,144-BW-T30,FPQ-4207,SCMS-41860,ASN-5606,Botswana,PMO - US,Direct Drop,EXW,Air,2009-03-10,2009-03-25,2010-02-05,2010-02-05,2010-02-05,HRDT,HIV test,Orasure Technologies Inc.,"HIV 1/2, OraQuick Advance HIV Rapid Antibody Kit, 100 Tests","HIV 1/2, OraQuick Advance HIV Rapid Antibody Kit",OraQuick,Unknown,Test kit,100,20,7000.0,350.0,3.5,"Pacific Biotech, Thailand",Yes,48.0,1716.47,13.72,0,Yes,35.759791666666665,Potential Outlier,350.0
66431,114-UG-T30,FPQ-4482,SCMS-52570,ASN-5536,Uganda,PMO - US,Direct Drop,FCA,Air,2009-10-21,2009-09-14,2009-12-03,2009-12-03,2009-12-03,ARV,Adult,Hoffmann-La Roche ltd Basel,"Saquinavir 500mg [Invirase], tablets, 120 Tabs",Saquinavir,Invirase,500mg,Tablet,120,161,16125.1,100.16,0.83,Roche Basel,Yes,30.0,1072.35,34.77,0,Yes,35.745,Potential Outlier,100.155900621118
36710,102-MW-T30,FPQ-11638,SCMS-179340,ASN-19207,Malawi,PMO - US,Direct Drop,EXW,Air,2013-02-22,2013-03-14,2013-05-03,2013-05-03,2013-05-03,HRDT,HIV test,"Trinity Biotech, Plc","HIV 1/2, Uni-Gold HIV Kit, 20 Tests","HIV 1/2, Uni-Gold HIV Kit",Uni-Gold,Unknown,Test kit,20,94,3008.0,32.0,1.6,"Trinity Biotech, Plc",Yes,32.0,1136.31,3.72,0,Yes,35.5096875,Potential Outlier,32.0
8315,106-HT-T01,Pre-PQ Process,SCMS-18270,ASN-1463,Haiti,PMO - US,Direct Drop,EXW,Air,,2008-02-27,2008-03-29,2008-03-29,2008-03-29,HRDT,HIV test,Orasure Technologies Inc.,"HIV 1/2, OraQuick Advance HIV Rapid Antibody Kit, 100 Tests","HIV 1/2, OraQuick Advance HIV Rapid Antibody Kit",OraQuick,Unknown,Test kit,100,30,10500.0,350.0,3.5,"Pacific Biotech, Thailand",Yes,72.0,2556.61,16.8,0,Yes,35.508472222222224,Potential Outlier,350.0
36204,106-HT-T30,FPQ-12590,SCMS-210450,ASN-23820,Haiti,PMO - US,Direct Drop,FCA,Air,2013-08-21,2013-10-22,2014-02-28,2014-02-28,2014-03-03,ARV,Pediatric,ABBVIE LOGISTICS (FORMERLY ABBOTT LOGISTICS BV),"Lopinavir/Ritonavir 80/20mg/ml [Kaletra], oral solution, cool, Bottle 5 x 60 ml",Lopinavir/Ritonavir,Kaletra,80/20mg/ml,Oral solution,300,10,308.2,30.82,0.1,ABBVIE (Abbott) Logis. UK,Yes,38.0,1347.0,0.38,0,Yes,35.44736842105263,Potential Outlier,30.82
64989,105-SS-T30,FPQ-11538,SCMS-176921,ASN-19273,South Sudan,PMO - US,Direct Drop,EXW,Air,2013-01-24,2013-02-22,2013-06-29,2013-06-29,2013-06-29,HRDT,HIV test,"Trinity Biotech, Plc","HIV 1/2, Uni-Gold HIV Kit, 20 Tests","HIV 1/2, Uni-Gold HIV Kit",Uni-Gold,Unknown,Test kit,20,125,4000.0,32.0,1.6,"Trinity Biotech, Plc",Yes,40.0,1412.9,4.95,0,Yes,35.322500000000005,Potential Outlier,32.0
12574,106-HT-T01,Pre-PQ Process,SO-24870,DN-1218,Haiti,PMO - US,From RDC,N/A - From RDC,Air,,,2009-05-22,2009-05-22,2009-05-22,ARV,Pediatric,SCMS from RDC,"Efavirenz 30mg/ml [Stocrin/Sustiva], oral solution, Bottle, 180 ml",Efavirenz,Stocrin/Sustiva,30mg/ml,Oral solution,180,98,1662.08,16.96,0.09,"MSD, Haarlem, NL",Yes,28.0,988.24,3.26,0,Yes,35.294285714285714,Potential Outlier,16.96
65621,117-ET-T30,FPQ-9096,SCMS-133360,ASN-14200,Ethiopia,PMO - US,Direct Drop,EXW,Air,2012-01-05,2012-01-23,2012-03-27,2012-03-27,2012-03-27,HRDT,HIV test,"CHEMBIO DIAGNOSTIC SYSTEMS, INC.","HIV 1/2, Stat-Pak HIV, Kit, 20 Tests","HIV 1/2, Stat-Pak HIV, Kit",Stat-Pak,Unknown,Test kit,20,44,1276.0,29.0,1.45,Chembio Diagnostics Sys. Inc.,Yes,15.0,529.4,1.79,0,Yes,35.29333333333333,Potential Outlier,29.0
63579,105-SS-T30,FPQ-11538,SCMS-176920,ASN-18783,South Sudan,PMO - US,Direct Drop,EXW,Air,2013-01-24,2013-02-22,2013-05-16,2013-05-16,2013-05-16,HRDT,HIV test,"Trinity Biotech, Plc","HIV 1/2, Uni-Gold HIV Kit, 20 Tests","HIV 1/2, Uni-Gold HIV Kit",Uni-Gold,Unknown,Test kit,20,125,4000.0,32.0,1.6,"Trinity Biotech, Plc",Yes,41.0,1441.21,4.95,0,Yes,35.15146341463415,Potential Outlier,32.0
66992,102-GY-T30,FPQ-4871,SCMS-63880,ASN-6085,Guyana,PMO - US,Direct Drop,EXW,Air,2010-01-11,2010-02-04,2010-03-04,2010-03-04,2010-03-04,HRDT,HIV test,"CHEMBIO DIAGNOSTIC SYSTEMS, INC.","HIV 1/2, Stat-Pak HIV, Kit, 20 Tests","HIV 1/2, Stat-Pak HIV, Kit",Stat-Pak,Unknown,Test kit,20,20,540.0,27.0,1.35,Chembio Diagnostics Sys. Inc.,Yes,11.0,386.16,1.16,0,Yes,35.10545454545455,Potential Outlier,27.0
49540,103-SS-T30,FPQ-11497,SCMS-176740,ASN-18612,South Sudan,PMO - US,Direct Drop,EXW,Air,2013-01-18,2013-02-08,2013-05-23,2013-05-23,2013-05-23,ARV,Pediatric,Aurobindo Pharma Limited,"Nevirapine 50mg, dispersible tablets (tablets for oral suspension), 30 Tabs",Nevirapine,Generic,50mg,Chewable/dispersible tablet,30,625,781.25,1.25,0.04,"Aurobindo Unit III, India",Yes,34.0,1191.93,0.97,0,Yes,35.05676470588236,Potential Outlier,1.25
65132,144-BW-T30,FPQ-4207,SCMS-41840,ASN-6012,Botswana,PMO - US,Direct Drop,EXW,Air,2009-03-10,2009-03-25,2010-03-01,2010-03-01,2010-03-01,HRDT,HIV test,Orasure Technologies Inc.,"HIV 1/2, OraQuick Advance HIV Rapid Antibody Kit, 100 Tests","HIV 1/2, OraQuick Advance HIV Rapid Antibody Kit",OraQuick,Unknown,Test kit,100,20,7000.0,350.0,3.5,"Pacific Biotech, Thailand",Yes,48.0,1681.44,13.72,0,Yes,35.03,Potential Outlier,350.0
11147,104-CI-T01,Pre-PQ Process,SO-529,DN-250,Côte d'Ivoire,PMO - US,From RDC,N/A - From RDC,Unknown,,,2007-07-27,2007-07-27,2007-07-27,HRDT,HIV test,SCMS from RDC,"HIV 2, New LAV Blot 2 HIV Kit, 18 Tests","HIV 2, New LAV Blot 2 HIV Kit",LAV,Unknown,Test kit,18,12,3698.04,308.17,17.12,Bio-Rad Laboratories,Yes,46.0,1607.0,5.92,0,Yes,34.93478260869565,Potential Outlier,308.17
41096,101-CD-T30,FPQ-11103,SCMS-170580,ASN-18712,"Congo, DRC",PMO - US,Direct Drop,EXW,Air,2012-12-07,2013-01-03,2013-07-11,2013-07-19,2013-07-19,ARV,Pediatric,Aurobindo Pharma Limited,"Nevirapine 50mg, dispersible tablets (tablets for oral suspension), 30 Tabs",Nevirapine,Generic,50mg,Chewable/dispersible tablet,30,492,615.0,1.25,0.04,"Aurobindo Unit III, India",Yes,27.0,938.06,0.76,8,No,34.74296296296296,Potential Outlier,1.25
76483,102-SD-T30,FPQ-6119,SCMS-84000,ASN-9447,Sudan,PMO - US,Direct Drop,EXW,Air,2010-08-30,2010-09-02,2011-02-10,2011-02-10,2011-02-10,HRDT,HIV test,"Orgenics, Ltd","HIV 1/2, Determine Complete HIV Kit, 100 Tests","HIV 1/2, Determine Complete HIV Kit",Determine,Unknown,Test kit,100,130,11570.0,89.0,0.89,Inverness Japan,Yes,60.0,2084.49,24.94,0,Yes,34.741499999999995,Potential Outlier,89.0
12662,104-CI-T01,Pre-PQ Process,SO-641,DN-174,Côte d'Ivoire,PMO - US,From RDC,N/A - From RDC,Unknown,,,2007-06-08,2007-06-08,2007-06-08,ARV,Adult,SCMS from RDC,"Tenofovir Disoproxil Fumarate 300mg [Viread], tablets, 30 Tabs",Tenofovir Disoproxil Fumarate,Viread,300mg,Tablet,30,621,10557.0,17.0,0.57,Gilead(Nycomed) Oranienburg DE,Yes,40.0,1388.0,,0,Yes,34.7,Potential Outlier,17.0
8616,106-HT-T01,Pre-PQ Process,SCMS-27880,ASN-2378,Haiti,PMO - US,Direct Drop,FCA,Air,,2008-08-05,2008-09-29,2008-09-29,2008-09-29,ARV,Pediatric,ABBVIE LOGISTICS (FORMERLY ABBOTT LOGISTICS BV),"Lopinavir/Ritonavir 100/25mg [Aluvia], tablets, 60 Tabs",Lopinavir/Ritonavir,Generic,100/25mg,Tablet,60,20,205.6,10.28,0.17,ABBVIE Ludwigshafen Germany,Yes,19.0,658.68,0.33,0,Yes,34.66736842105263,Potential Outlier,10.28
5635,102-LS-T01,Pre-PQ Process,SCMS-18370,ASN-1660,Lesotho,PMO - US,Direct Drop,EXW,Air,,2008-02-27,2008-07-14,2008-07-14,2008-07-14,HRDT,HIV test,Orasure Technologies Inc.,"HIV 1/2, OraQuick Advance HIV Rapid Antibody Kit, 100 Tests","HIV 1/2, OraQuick Advance HIV Rapid Antibody Kit",OraQuick,Unknown,Test kit,100,7,2450.0,350.0,3.5,"Pacific Biotech, Thailand",Yes,17.0,587.63,3.92,0,Yes,34.56647058823529,Potential Outlier,350.0
35640,900-LR-T30,FPQ-7996,SCMS-115350,ASN-11895,Liberia,PMO - US,Direct Drop,EXW,Air,2011-07-12,2011-07-20,2011-09-13,2011-09-13,2011-09-13,HRDT,HIV test,"Orgenics, Ltd","HIV 1/2, Determine Complete HIV Kit, 100 Tests","HIV 1/2, Determine Complete HIV Kit",Determine,Unknown,Test kit,100,520,41600.0,80.0,0.8,Inverness Japan,Yes,252.0,8678.71,68.64,0,Yes,34.4393253968254,Potential Outlier,80.0
20450,101-CD-T30,FPQ-12093,SCMS-189070,ASN-20218,"Congo, DRC",PMO - US,Direct Drop,EXW,Air,2013-04-23,2013-05-17,2013-11-28,2013-11-28,2013-12-03,ARV,Pediatric,Aurobindo Pharma Limited,"Didanosine 125mg, delayed-release capsules, 30 Caps",Didanosine,Generic,125mg,Delayed-release capsules,30,171,1453.5,8.5,0.28,"Aurobindo Unit III, India",Yes,81.0,2782.94,1.8,0,Yes,34.35728395061729,Potential Outlier,8.5
84843,104-CI-T30,FPQ-10633,SO-43362,DN-3282,Côte d'Ivoire,PMO - US,From RDC,N/A - From RDC,Truck,2012-09-11,,2013-08-15,2013-08-14,2013-08-14,ARV,Adult,SCMS from RDC,"Lamivudine/Tenofovir Disoproxil Fumarate 300/300mg, tablets, 30 Tabs",Lamivudine/Tenofovir Disoproxil Fumarate,Generic,300/300mg,Tablet - FDC,30,8000,37600.0,4.7,0.16,Hetero Unit III Hyderabad IN,Yes,315.0,10807.98,52.72,-1,Yes,34.31104761904762,Potential Outlier,4.7
86272,106-HT-T30,FPQ-4384,SO-35670,DN-1664,Haiti,PMO - US,From RDC,N/A - From RDC,Air,2009-10-23,,2010-03-10,2010-03-03,2010-03-03,ARV,Adult,SCMS from RDC,"Stavudine 30mg, capsules, 60 Caps",Stavudine,Generic,30mg,Capsule,60,3690,5387.4,1.46,0.02,"Strides, Bangalore, India.",Yes,177.0,6036.96,11.62,-7,Yes,34.1071186440678,Potential Outlier,1.46
82955,111-MZ-T30,FPQ-7053,SO-39400,DN-2240,Mozambique,PMO - US,From RDC,N/A - From RDC,Truck,2011-01-24,,2011-08-10,2011-08-04,2011-08-04,ARV,Adult,SCMS from RDC,"Nevirapine 200mg, tablets, 60 Tabs",Nevirapine,Generic,200mg,Tablet,60,2800,7224.0,2.58,0.04,Hetero Unit III Hyderabad IN,Yes,161.0,5491.01,11.92,-6,Yes,34.10565217391304,Potential Outlier,2.58
47817,102-SS-T30,FPQ-9038,SCMS-137170,ASN-14402,South Sudan,PMO - US,Direct Drop,EXW,Air,2012-01-17,2012-02-15,2012-05-15,2012-05-15,2012-05-15,HRDT,HIV test,"Trinity Biotech, Plc","HIV 1/2, Uni-Gold HIV Kit, 20 Tests","HIV 1/2, Uni-Gold HIV Kit",Uni-Gold,Unknown,Test kit,20,179,5728.0,32.0,1.6,"Trinity Biotech, Plc",Yes,63.0,2147.11,8.03,0,Yes,34.08111111111111,Potential Outlier,32.0
39971,108-VN-T30,FPQ-10286,SCMS-155700,ASN-17019,Vietnam,PMO - US,Direct Drop,FCA,Air,2012-07-25,2012-08-14,2012-12-11,2012-12-11,2012-12-11,ARV,Pediatric,ABBVIE LOGISTICS (FORMERLY ABBOTT LOGISTICS BV),"Lopinavir/Ritonavir 100/25mg [Aluvia], tablets, 60 Tabs",Lopinavir/Ritonavir,Generic,100/25mg,Tablet,60,104,1581.84,15.21,0.25,ABBVIE Ludwigshafen Germany,Yes,18.0,612.07,2.22,0,Yes,34.003888888888895,Potential Outlier,15.21
10783,111-MZ-T01,Pre-PQ Process,SO-32180,DN-1334,Mozambique,PMO - US,From RDC,N/A - From RDC,Air,,,2009-08-17,2009-08-17,2009-08-17,ARV,Adult,SCMS from RDC,"Stavudine 30mg, capsules, 60 Caps",Stavudine,Generic,30mg,Capsule,60,470,700.3,1.49,0.02,"Aurobindo Unit III, India",Yes,31.0,1047.04,1.37,0,Yes,33.77548387096774,Potential Outlier,1.49
83375,114-UG-T30,FPQ-4475,SO-34160,DN-1506,Uganda,PMO - US,From RDC,N/A - From RDC,Air,2009-09-02,,2009-11-20,2009-11-10,2009-11-10,ARV,Adult,SCMS from RDC,"Lamivudine/Tenofovir Disoproxil Fumarate 300/300mg, tablets, 30 Tabs",Lamivudine/Tenofovir Disoproxil Fumarate,Generic,300/300mg,Tablet - FDC,30,200,2000.0,10.0,0.33,Mylan (formerly Matrix) Nashik,Yes,44.0,1483.39,3.92,-10,Yes,33.713409090909096,Potential Outlier,10.0
14195,100-BJ-T30,FPQ-7660,SCMS-109830,ASN-11115,Benin,PMO - US,Direct Drop,EXW,Air,2011-05-16,2011-05-27,2011-07-12,2011-07-12,2011-07-12,ARV,Adult,MYLAN LABORATORIES LTD (FORMERLY MATRIX LABORATORIES),"Efavirenz/Lamivudine/Tenofovir Disoproxil Fumarate 600/300/300mg, tablets, 30 Tabs",Efavirenz/Lamivudine/Tenofovir Disoproxil Fumarate,Generic,600/300/300mg,Tablet - FDC,30,1244,17540.4,14.1,0.47,Mylan (formerly Matrix) Nashik,Yes,175.0,5864.56,28.94,0,Yes,33.51177142857143,Potential Outlier,14.1
86289,104-CI-T30,FPQ-4378,SO-34373,DN-1764,Côte d'Ivoire,PMO - US,From RDC,N/A - From RDC,Air,2009-10-15,,2010-04-06,2010-04-01,2010-04-01,ARV,Adult,SCMS from RDC,"Zidovudine 300mg, tablets, 60 Tabs",Zidovudine,Generic,300mg,Tablet,60,915,6889.95,7.53,0.13,"Aurobindo Unit III, India",Yes,51.0,1702.92,13.5,-5,Yes,33.39058823529412,Potential Outlier,7.529999999999999
12017,114-UG-T01,Pre-PQ Process,SO-34000,DN-1489,Uganda,PMO - US,From RDC,N/A - From RDC,Air,,,2009-10-29,2009-10-29,2009-10-29,ARV,Adult,SCMS from RDC,"Stavudine 30mg, capsules, 60 Caps",Stavudine,Generic,30mg,Capsule,60,300,438.0,1.46,0.02,"Aurobindo Unit III, India",Yes,20.0,667.17,0.94,0,Yes,33.3585,Potential Outlier,1.46
19348,102-ML-T30,FPQ-10104,SCMS-153790,ASN-16513,Mali,PMO - US,Direct Drop,EXW,Air,2012-07-05,2012-08-21,2012-10-04,2012-10-04,2012-10-04,HRDT,HIV test,"Orgenics, Ltd","HIV 1/2, Clearview Complete Kit, 25 Tests","HIV 1/2, Clearview Complete Kit",Clearview,Unknown,Test kit,25,87,8265.0,95.0,3.8,Chembio Diagnostics Sys. Inc.,Yes,40.0,1333.4,11.59,0,Yes,33.335,Potential Outlier,95.0
5199,141-NA-T01,Pre-PQ Process,SCMS-47160,ASN-4663,Namibia,PMO - US,Direct Drop,EXW,Air,,2009-06-04,2009-09-01,2009-09-01,2009-09-01,HRDT,HIV test,"Orgenics, Ltd","HIV 1/2, Clearview Complete Kit, 25 Tests","HIV 1/2, Clearview Complete Kit",Clearview,Unknown,Test kit,25,4,300.0,75.0,3.0,Chembio Diagnostics Sys. Inc.,Yes,4.0,133.25,0.59,0,Yes,33.3125,Potential Outlier,75.0
1262,106-HT-T01,Pre-PQ Process,SCMS-74,ASN-46,Haiti,PMO - US,Direct Drop,EXW,Air,,,2006-11-09,2006-11-09,2006-11-09,HRDT,HIV test,Orasure Technologies Inc.,"HIV 1/2, OraQuick Advance HIV Rapid Antibody Kit, 100 Tests","HIV 1/2, OraQuick Advance HIV Rapid Antibody Kit",OraQuick,Unknown,Test kit,100,15,6000.0,400.0,4.0,"Pacific Biotech, Thailand",Yes,36.0,1195.29,,0,Yes,33.2025,Potential Outlier,400.0
82468,102-BI-T30,FPQ-9229,SO-41532,DN-2637,Burundi,PMO - US,From RDC,N/A - From RDC,Air,2012-01-25,,2012-04-26,2012-04-30,2012-04-30,ARV,Adult,SCMS from RDC,"Abacavir 300mg, tablets, 60 Tabs",Abacavir,Generic,300mg,Tablet,60,350,4602.5,13.15,0.22,Mylan (formerly Matrix) Nashik,Yes,36.0,1188.75,6.45,4,No,33.020833333333336,Potential Outlier,13.15
12878,112-NG-T01,Pre-PQ Process,SO-20962,DN-1182,Nigeria,PMO - US,From RDC,N/A - From RDC,Air,,,2009-04-30,2009-04-30,2009-04-30,ARV,Adult,SCMS from RDC,"Nevirapine 200mg, tablets, 60 Tabs",Nevirapine,Generic,200mg,Tablet,60,1067,3414.4,3.2,0.05,Hetero Unit III Hyderabad IN,Yes,60.0,1981.1,6.69,0,Yes,33.01833333333333,Potential Outlier,3.2
84704,106-HT-T30,FPQ-9056,SO-41320,DN-2521,Haiti,PMO - US,From RDC,N/A - From RDC,Air,2011-12-20,,2012-03-30,2012-02-13,2012-02-13,ARV,Adult,SCMS from RDC,"Lamivudine/Nevirapine/Stavudine 150/200/30mg, tablets, 60 Tabs",Lamivudine/Nevirapine/Stavudine,Generic,150/200/30mg,Tablet - FDC,60,180,968.4,5.38,0.09,"Strides, Bangalore, India.",Yes,37.0,1221.01,1.36,-46,Yes,33.00027027027027,Potential Outlier,5.38
10679,102-KE-T01,Pre-PQ Process,SO-1740,DN-829,Kenya,PMO - US,From RDC,N/A - From RDC,Truck,,,2008-03-31,2008-03-31,2008-03-31,HRDT,HIV test,SCMS from RDC,"HIV, Bioline HIV 1/2 3.0 Kit, [DON] 25 Tests","HIV, Bioline HIV 1/2 3.0 Kit",Bioline,Unknown,Test kit,25,3,0.03,0.01,0.0,"Standard Diagnostics, Korea",Yes,3.0,99.0,0.0,0,Yes,33.0,Potential Outlier,0.01
75733,103-SS-T30,FPQ-14517,SCMS-249920,ASN-29167,South Sudan,PMO - US,Direct Drop,EXW,Air,2014-06-30,2014-07-31,2014-12-11,2014-12-11,2014-12-16,ARV,Pediatric,CIPLA LIMITED,"Lamivudine/Zidovudine 30/60mg, dispersible tablets, 60 Tabs",Lamivudine/Zidovudine,Generic,30/60mg,Chewable/dispersible tablet - FDC,60,635,1206.5,1.9,0.03,"Cipla, Goa, India",Yes,59.0,1944.99,1.24,0,Yes,32.96593220338983,Potential Outlier,1.9
40934,108-VN-T30,FPQ-12051,SCMS-188570,ASN-21378,Vietnam,PMO - US,Direct Drop,FCA,Air,2013-05-03,2013-08-19,2013-09-16,2013-09-16,2013-09-16,ARV,Adult,ABBVIE LOGISTICS (FORMERLY ABBOTT LOGISTICS BV),"Ritonavir 100mg [Norvir], film coated tablets, 30 Tabs",Ritonavir,Norvir,100mg,Tablet,30,71,1651.46,23.26,0.78,ABBVIE Ludwigshafen Germany,Yes,15.0,493.42,2.04,0,Yes,32.894666666666666,Potential Outlier,23.26
14265,108-VN-T30,FPQ-11418,SCMS-176190,ASN-19193,Vietnam,PMO - US,Direct Drop,EXW,Air,2013-01-29,2013-02-05,2013-05-24,2013-05-24,2013-05-24,ARV,Pediatric,Aurobindo Pharma Limited,"Nevirapine 10mg/ml, oral suspension w/syringe, Bottle, 240 ml",Nevirapine,Generic,10mg/ml,Oral suspension,240,263,486.55,1.85,0.01,"Aurobindo Unit III, India",Yes,182.0,5970.85,0.6,0,Yes,32.806868131868136,Potential Outlier,1.85
11815,104-CI-T01,Pre-PQ Process,SO-1277,DN-439,Côte d'Ivoire,PMO - US,From RDC,N/A - From RDC,Air,,,2007-11-16,2007-11-16,2007-11-16,HRDT,HIV test,SCMS from RDC,"HIV 2, New LAV Blot 2 HIV Kit, 18 Tests","HIV 2, New LAV Blot 2 HIV Kit",LAV,Unknown,Test kit,18,12,3698.04,308.17,17.12,Bio-Rad Laboratories,Yes,39.0,1278.0,5.92,0,Yes,32.76923076923077,Potential Outlier,308.17
